GSM_ID;SRR_ID;Condition_Group;Category;Category_Bio_Sample_Count;Experiment_Name;Age;Tissue;Cell_Type;File_Tag;Fastq_AWS_URL
GSM8101522;SRR17720186;FETAL_brain;sorted;5;FETAL_brain_IND1_EC;Fetal;brain;Endothelial cells;L001_I1;s3://sra-pub-src-8/SRR17720186/Fetal_CNS_20-10-2020_sorted_3pr_v3_S21_L001_I1_001.fastq.gz.1
GSM8101522;SRR17720186;FETAL_brain;sorted;5;FETAL_brain_IND1_EC;Fetal;brain;Endothelial cells;L001_R1;s3://sra-pub-src-15/SRR17720186/Fetal_CNS_20-10-2020_sorted_3pr_v3_S21_L001_R1_001.fastq.gz.1
GSM8101522;SRR17720186;FETAL_brain;sorted;5;FETAL_brain_IND1_EC;Fetal;brain;Endothelial cells;L001_R2;s3://sra-pub-src-17/SRR17720186/Fetal_CNS_20-10-2020_sorted_3pr_v3_S21_L001_R2_001.fastq.gz.1
GSM8101522;SRR17720186;FETAL_brain;sorted;5;FETAL_brain_IND1_EC;Fetal;brain;Endothelial cells;L002_I1;s3://sra-pub-src-17/SRR17720186/Fetal_CNS_20-10-2020_sorted_3pr_v3_S21_L002_I1_001.fastq.gz.1
GSM8101522;SRR17720186;FETAL_brain;sorted;5;FETAL_brain_IND1_EC;Fetal;brain;Endothelial cells;L002_R1;s3://sra-pub-src-15/SRR17720186/Fetal_CNS_20-10-2020_sorted_3pr_v3_S21_L002_R1_001.fastq.gz.1
GSM8101522;SRR17720186;FETAL_brain;sorted;5;FETAL_brain_IND1_EC;Fetal;brain;Endothelial cells;L002_R2;s3://sra-pub-src-17/SRR17720186/Fetal_CNS_20-10-2020_sorted_3pr_v3_S21_L002_R2_001.fastq.gz.1
GSM8101522;SRR17720186;FETAL_brain;sorted;5;FETAL_brain_IND1_EC;Fetal;brain;Endothelial cells;L003_I1;s3://sra-pub-src-15/SRR17720186/Fetal_CNS_20-10-2020_sorted_3pr_v3_S21_L003_I1_001.fastq.gz.1
GSM8101522;SRR17720186;FETAL_brain;sorted;5;FETAL_brain_IND1_EC;Fetal;brain;Endothelial cells;L003_R1;s3://sra-pub-src-17/SRR17720186/Fetal_CNS_20-10-2020_sorted_3pr_v3_S21_L003_R1_001.fastq.gz.1
GSM8101522;SRR17720186;FETAL_brain;sorted;5;FETAL_brain_IND1_EC;Fetal;brain;Endothelial cells;L003_R2;s3://sra-pub-src-15/SRR17720186/Fetal_CNS_20-10-2020_sorted_3pr_v3_S21_L003_R2_001.fastq.gz.1
GSM8101522;SRR17720186;FETAL_brain;sorted;5;FETAL_brain_IND1_EC;Fetal;brain;Endothelial cells;L004_I1;s3://sra-pub-src-15/SRR17720186/Fetal_CNS_20-10-2020_sorted_3pr_v3_S21_L004_I1_001.fastq.gz.1
GSM8101522;SRR17720186;FETAL_brain;sorted;5;FETAL_brain_IND1_EC;Fetal;brain;Endothelial cells;L004_R1;s3://sra-pub-src-15/SRR17720186/Fetal_CNS_20-10-2020_sorted_3pr_v3_S21_L004_R1_001.fastq.gz.1
GSM8101522;SRR17720186;FETAL_brain;sorted;5;FETAL_brain_IND1_EC;Fetal;brain;Endothelial cells;L004_R2;s3://sra-pub-src-17/SRR17720186/Fetal_CNS_20-10-2020_sorted_3pr_v3_S21_L004_R2_001.fastq.gz.1
GSM8101523;SRR17720184;FETAL_brain;sorted;5;FETAL_brain_IND2_IND3_EC;Fetal;brain;Endothelial cells;L001_I1;s3://sra-pub-src-13/SRR17720184/14-4_16-4_weeks_Fetal_CNS_Sorted_pooled_3pr_v3_S2_L001_I1_001.fastq.gz.1
GSM8101523;SRR17720184;FETAL_brain;sorted;5;FETAL_brain_IND2_IND3_EC;Fetal;brain;Endothelial cells;L001_R1;s3://sra-pub-src-13/SRR17720184/14-4_16-4_weeks_Fetal_CNS_Sorted_pooled_3pr_v3_S2_L001_R1_001.fastq.gz.1
GSM8101523;SRR17720184;FETAL_brain;sorted;5;FETAL_brain_IND2_IND3_EC;Fetal;brain;Endothelial cells;L001_R2;s3://sra-pub-src-13/SRR17720184/14-4_16-4_weeks_Fetal_CNS_Sorted_pooled_3pr_v3_S2_L001_R2_001.fastq.gz.1
GSM8101523;SRR17720184;FETAL_brain;sorted;5;FETAL_brain_IND2_IND3_EC;Fetal;brain;Endothelial cells;L002_I1;s3://sra-pub-src-13/SRR17720184/14-4_16-4_weeks_Fetal_CNS_Sorted_pooled_3pr_v3_S2_L002_I1_001.fastq.gz.1
GSM8101523;SRR17720184;FETAL_brain;sorted;5;FETAL_brain_IND2_IND3_EC;Fetal;brain;Endothelial cells;L002_R1;s3://sra-pub-src-13/SRR17720184/14-4_16-4_weeks_Fetal_CNS_Sorted_pooled_3pr_v3_S2_L002_R1_001.fastq.gz.1
GSM8101523;SRR17720184;FETAL_brain;sorted;5;FETAL_brain_IND2_IND3_EC;Fetal;brain;Endothelial cells;L002_R2;s3://sra-pub-src-13/SRR17720184/14-4_16-4_weeks_Fetal_CNS_Sorted_pooled_3pr_v3_S2_L002_R2_001.fastq.gz.1
GSM8101524;SRR17720199;FETAL_brain;sorted;5;FETAL_brain_IND4_EC;Fetal;brain;Endothelial cells;L001_I1;s3://sra-pub-src-9/SRR17720199/18wk_Fetal_CNS_Sorted_3pr_v3_1_S21_L001_I1_001.fastq.gz.1
GSM8101524;SRR17720199;FETAL_brain;sorted;5;FETAL_brain_IND4_EC;Fetal;brain;Endothelial cells;L001_I2;s3://sra-pub-src-9/SRR17720199/18wk_Fetal_CNS_Sorted_3pr_v3_1_S21_L001_I2_001.fastq.gz.1
GSM8101524;SRR17720199;FETAL_brain;sorted;5;FETAL_brain_IND4_EC;Fetal;brain;Endothelial cells;L001_R1;s3://sra-pub-src-9/SRR17720199/18wk_Fetal_CNS_Sorted_3pr_v3_1_S21_L001_R1_001.fastq.gz.1
GSM8101524;SRR17720199;FETAL_brain;sorted;5;FETAL_brain_IND4_EC;Fetal;brain;Endothelial cells;L001_R2;s3://sra-pub-src-9/SRR17720199/18wk_Fetal_CNS_Sorted_3pr_v3_1_S21_L001_R2_001.fastq.gz.1
GSM8101524;SRR17720199;FETAL_brain;sorted;5;FETAL_brain_IND4_EC;Fetal;brain;Endothelial cells;L002_I1;s3://sra-pub-src-9/SRR17720199/18wk_Fetal_CNS_Sorted_3pr_v3_1_S21_L002_I1_001.fastq.gz.1
GSM8101524;SRR17720199;FETAL_brain;sorted;5;FETAL_brain_IND4_EC;Fetal;brain;Endothelial cells;L002_I2;s3://sra-pub-src-6/SRR17720199/18wk_Fetal_CNS_Sorted_3pr_v3_1_S21_L002_I2_001.fastq.gz.1
GSM8101524;SRR17720199;FETAL_brain;sorted;5;FETAL_brain_IND4_EC;Fetal;brain;Endothelial cells;L002_R1;s3://sra-pub-src-9/SRR17720199/18wk_Fetal_CNS_Sorted_3pr_v3_1_S21_L002_R1_001.fastq.gz.1
GSM8101524;SRR17720199;FETAL_brain;sorted;5;FETAL_brain_IND4_EC;Fetal;brain;Endothelial cells;L002_R2;s3://sra-pub-src-9/SRR17720199/18wk_Fetal_CNS_Sorted_3pr_v3_1_S21_L002_R2_001.fastq.gz.1
GSM8101525;SRR17720198;FETAL_brain;sorted;5;FETAL_brain_IND5_EC;Fetal;brain;Endothelial cells;L001_I1;s3://sra-pub-src-6/SRR17720198/15point5_Weeks_Fetal_CNS_Sorted_3pr_v3_1_S26_L001_I1_001.fastq.gz.1
GSM8101525;SRR17720198;FETAL_brain;sorted;5;FETAL_brain_IND5_EC;Fetal;brain;Endothelial cells;L001_I2;s3://sra-pub-src-6/SRR17720198/15point5_Weeks_Fetal_CNS_Sorted_3pr_v3_1_S26_L001_I2_001.fastq.gz.1
GSM8101525;SRR17720198;FETAL_brain;sorted;5;FETAL_brain_IND5_EC;Fetal;brain;Endothelial cells;L001_R1;s3://sra-pub-src-11/SRR17720198/15point5_Weeks_Fetal_CNS_Sorted_3pr_v3_1_S26_L001_R1_001.fastq.gz.1
GSM8101525;SRR17720198;FETAL_brain;sorted;5;FETAL_brain_IND5_EC;Fetal;brain;Endothelial cells;L001_R2;s3://sra-pub-src-18/SRR17720198/15point5_Weeks_Fetal_CNS_Sorted_3pr_v3_1_S26_L001_R2_001.fastq.gz.1
GSM8101525;SRR17720198;FETAL_brain;sorted;5;FETAL_brain_IND5_EC;Fetal;brain;Endothelial cells;L002_I1;s3://sra-pub-src-11/SRR17720198/15point5_Weeks_Fetal_CNS_Sorted_3pr_v3_1_S26_L002_I1_001.fastq.gz.1
GSM8101525;SRR17720198;FETAL_brain;sorted;5;FETAL_brain_IND5_EC;Fetal;brain;Endothelial cells;L002_I2;s3://sra-pub-src-6/SRR17720198/15point5_Weeks_Fetal_CNS_Sorted_3pr_v3_1_S26_L002_I2_001.fastq.gz.1
GSM8101525;SRR17720198;FETAL_brain;sorted;5;FETAL_brain_IND5_EC;Fetal;brain;Endothelial cells;L002_R1;s3://sra-pub-src-11/SRR17720198/15point5_Weeks_Fetal_CNS_Sorted_3pr_v3_1_S26_L002_R1_001.fastq.gz.1
GSM8101525;SRR17720198;FETAL_brain;sorted;5;FETAL_brain_IND5_EC;Fetal;brain;Endothelial cells;L002_R2;s3://sra-pub-src-18/SRR17720198/15point5_Weeks_Fetal_CNS_Sorted_3pr_v3_1_S26_L002_R2_001.fastq.gz.1
GSM8101525;SRR17720198;FETAL_brain;sorted;5;FETAL_brain_IND5_EC;Fetal;brain;Endothelial cells;L003_I1;s3://sra-pub-src-6/SRR17720198/15point5_Weeks_Fetal_CNS_Sorted_3pr_v3_1_S26_L003_I1_001.fastq.gz.1
GSM8101525;SRR17720198;FETAL_brain;sorted;5;FETAL_brain_IND5_EC;Fetal;brain;Endothelial cells;L003_I2;s3://sra-pub-src-6/SRR17720198/15point5_Weeks_Fetal_CNS_Sorted_3pr_v3_1_S26_L003_I2_001.fastq.gz.1
GSM8101525;SRR17720198;FETAL_brain;sorted;5;FETAL_brain_IND5_EC;Fetal;brain;Endothelial cells;L003_R1;s3://sra-pub-src-11/SRR17720198/15point5_Weeks_Fetal_CNS_Sorted_3pr_v3_1_S26_L003_R1_001.fastq.gz.1
GSM8101525;SRR17720198;FETAL_brain;sorted;5;FETAL_brain_IND5_EC;Fetal;brain;Endothelial cells;L003_R2;s3://sra-pub-src-18/SRR17720198/15point5_Weeks_Fetal_CNS_Sorted_3pr_v3_1_S26_L003_R2_001.fastq.gz.1
GSM8101525;SRR17720198;FETAL_brain;sorted;5;FETAL_brain_IND5_EC;Fetal;brain;Endothelial cells;L004_I1;s3://sra-pub-src-6/SRR17720198/15point5_Weeks_Fetal_CNS_Sorted_3pr_v3_1_S26_L004_I1_001.fastq.gz.1
GSM8101525;SRR17720198;FETAL_brain;sorted;5;FETAL_brain_IND5_EC;Fetal;brain;Endothelial cells;L004_I2;s3://sra-pub-src-11/SRR17720198/15point5_Weeks_Fetal_CNS_Sorted_3pr_v3_1_S26_L004_I2_001.fastq.gz.1
GSM8101525;SRR17720198;FETAL_brain;sorted;5;FETAL_brain_IND5_EC;Fetal;brain;Endothelial cells;L004_R1;s3://sra-pub-src-11/SRR17720198/15point5_Weeks_Fetal_CNS_Sorted_3pr_v3_1_S26_L004_R1_001.fastq.gz.1
GSM8101525;SRR17720198;FETAL_brain;sorted;5;FETAL_brain_IND5_EC;Fetal;brain;Endothelial cells;L004_R2;s3://sra-pub-src-18/SRR17720198/15point5_Weeks_Fetal_CNS_Sorted_3pr_v3_1_S26_L004_R2_001.fastq.gz.1
GSM8101564;SRR17720222;FETAL_brain;unsorted;1;FETAL_brain_1_all cells;Fetal;brain;Perivascular and other tissue derived cells;L001_I1;s3://sra-pub-src-15/SRR17720222/Fetal_CNS_20-10-2020_unsorted_3pr_v3_S20_L001_I1_001.fastq.gz.1
GSM8101564;SRR17720222;FETAL_brain;unsorted;1;FETAL_brain_1_all cells;Fetal;brain;Perivascular and other tissue derived cells;L001_R1;s3://sra-pub-src-15/SRR17720222/Fetal_CNS_20-10-2020_unsorted_3pr_v3_S20_L001_R1_001.fastq.gz.1
GSM8101564;SRR17720222;FETAL_brain;unsorted;1;FETAL_brain_1_all cells;Fetal;brain;Perivascular and other tissue derived cells;L001_R2;s3://sra-pub-src-17/SRR17720222/Fetal_CNS_20-10-2020_unsorted_3pr_v3_S20_L001_R2_001.fastq.gz.1
GSM8101564;SRR17720222;FETAL_brain;unsorted;1;FETAL_brain_1_all cells;Fetal;brain;Perivascular and other tissue derived cells;L002_I1;s3://sra-pub-src-15/SRR17720222/Fetal_CNS_20-10-2020_unsorted_3pr_v3_S20_L002_I1_001.fastq.gz.1
GSM8101564;SRR17720222;FETAL_brain;unsorted;1;FETAL_brain_1_all cells;Fetal;brain;Perivascular and other tissue derived cells;L002_R1;s3://sra-pub-src-15/SRR17720222/Fetal_CNS_20-10-2020_unsorted_3pr_v3_S20_L002_R1_001.fastq.gz.1
GSM8101564;SRR17720222;FETAL_brain;unsorted;1;FETAL_brain_1_all cells;Fetal;brain;Perivascular and other tissue derived cells;L002_R2;s3://sra-pub-src-17/SRR17720222/Fetal_CNS_20-10-2020_unsorted_3pr_v3_S20_L002_R2_001.fastq.gz.1
GSM8101564;SRR17720222;FETAL_brain;unsorted;1;FETAL_brain_1_all cells;Fetal;brain;Perivascular and other tissue derived cells;L003_I1;s3://sra-pub-src-15/SRR17720222/Fetal_CNS_20-10-2020_unsorted_3pr_v3_S20_L003_I1_001.fastq.gz.1
GSM8101564;SRR17720222;FETAL_brain;unsorted;1;FETAL_brain_1_all cells;Fetal;brain;Perivascular and other tissue derived cells;L003_R1;s3://sra-pub-src-17/SRR17720222/Fetal_CNS_20-10-2020_unsorted_3pr_v3_S20_L003_R1_001.fastq.gz.1
GSM8101564;SRR17720222;FETAL_brain;unsorted;1;FETAL_brain_1_all cells;Fetal;brain;Perivascular and other tissue derived cells;L003_R2;s3://sra-pub-src-17/SRR17720222/Fetal_CNS_20-10-2020_unsorted_3pr_v3_S20_L003_R2_001.fastq.gz.1
GSM8101564;SRR17720222;FETAL_brain;unsorted;1;FETAL_brain_1_all cells;Fetal;brain;Perivascular and other tissue derived cells;L004_I1;s3://sra-pub-src-15/SRR17720222/Fetal_CNS_20-10-2020_unsorted_3pr_v3_S20_L004_I1_001.fastq.gz.1
GSM8101564;SRR17720222;FETAL_brain;unsorted;1;FETAL_brain_1_all cells;Fetal;brain;Perivascular and other tissue derived cells;L004_R1;s3://sra-pub-src-17/SRR17720222/Fetal_CNS_20-10-2020_unsorted_3pr_v3_S20_L004_R1_001.fastq.gz.1
GSM8101564;SRR17720222;FETAL_brain;unsorted;1;FETAL_brain_1_all cells;Fetal;brain;Perivascular and other tissue derived cells;L004_R2;s3://sra-pub-src-17/SRR17720222/Fetal_CNS_20-10-2020_unsorted_3pr_v3_S20_L004_R2_001.fastq.gz.1
GSM8101565;SRR17720221;FETAL_brain;unsorted;1;FETAL_brain_2_all cells;Fetal;brain;Perivascular and other tissue derived cells;L003_I1;s3://sra-pub-src-8/SRR17720221/14-4weeks_Fetal_CNS_Unsorted_3pr_v3_S78_L003_I1_001.fastq.gz.1
GSM8101565;SRR17720221;FETAL_brain;unsorted;1;FETAL_brain_2_all cells;Fetal;brain;Perivascular and other tissue derived cells;L003_R1;s3://sra-pub-src-8/SRR17720221/14-4weeks_Fetal_CNS_Unsorted_3pr_v3_S78_L003_R1_001.fastq.gz.1
GSM8101565;SRR17720221;FETAL_brain;unsorted;1;FETAL_brain_2_all cells;Fetal;brain;Perivascular and other tissue derived cells;L003_R2;s3://sra-pub-src-8/SRR17720221/14-4weeks_Fetal_CNS_Unsorted_3pr_v3_S78_L003_R2_001.fastq.gz.1
GSM8101566;SRR17720220;FETAL_brain;unsorted;1;FETAL_brain_3_all cells;Fetal;brain;Perivascular and other tissue derived cells;L001_I1;s3://sra-pub-src-8/SRR17720220/16-4weeks_Fetal_CNS_Unsorted_3pr_v3_S1_L001_I1_001.fastq.gz.1
GSM8101566;SRR17720220;FETAL_brain;unsorted;1;FETAL_brain_3_all cells;Fetal;brain;Perivascular and other tissue derived cells;L001_R1;s3://sra-pub-src-8/SRR17720220/16-4weeks_Fetal_CNS_Unsorted_3pr_v3_S1_L001_R1_001.fastq.gz.1
GSM8101566;SRR17720220;FETAL_brain;unsorted;1;FETAL_brain_3_all cells;Fetal;brain;Perivascular and other tissue derived cells;L001_R2;s3://sra-pub-src-8/SRR17720220/16-4weeks_Fetal_CNS_Unsorted_3pr_v3_S1_L001_R2_001.fastq.gz.1
GSM8101566;SRR17720220;FETAL_brain;unsorted;1;FETAL_brain_3_all cells;Fetal;brain;Perivascular and other tissue derived cells;L002_I1;s3://sra-pub-src-3/SRR17720220/16-4weeks_Fetal_CNS_Unsorted_3pr_v3_S1_L002_I1_001.fastq.gz.1
GSM8101566;SRR17720220;FETAL_brain;unsorted;1;FETAL_brain_3_all cells;Fetal;brain;Perivascular and other tissue derived cells;L002_R1;s3://sra-pub-src-8/SRR17720220/16-4weeks_Fetal_CNS_Unsorted_3pr_v3_S1_L002_R1_001.fastq.gz.1
GSM8101566;SRR17720220;FETAL_brain;unsorted;1;FETAL_brain_3_all cells;Fetal;brain;Perivascular and other tissue derived cells;L002_R2;s3://sra-pub-src-8/SRR17720220/16-4weeks_Fetal_CNS_Unsorted_3pr_v3_S1_L002_R2_001.fastq.gz.1
GSM8101567;SRR17720218;FETAL_brain;unsorted;1;FETAL_brain_4_all cells;Fetal;brain;Perivascular and other tissue derived cells;L001_I1;s3://sra-pub-src-9/SRR17720218/18wk_Fetal_CNS_Unsorted_3pr_v3_1_S22_L001_I1_001.fastq.gz.1
GSM8101567;SRR17720218;FETAL_brain;unsorted;1;FETAL_brain_4_all cells;Fetal;brain;Perivascular and other tissue derived cells;L001_I2;s3://sra-pub-src-6/SRR17720218/18wk_Fetal_CNS_Unsorted_3pr_v3_1_S22_L001_I2_001.fastq.gz.1
GSM8101567;SRR17720218;FETAL_brain;unsorted;1;FETAL_brain_4_all cells;Fetal;brain;Perivascular and other tissue derived cells;L001_R1;s3://sra-pub-src-9/SRR17720218/18wk_Fetal_CNS_Unsorted_3pr_v3_1_S22_L001_R1_001.fastq.gz.1
GSM8101567;SRR17720218;FETAL_brain;unsorted;1;FETAL_brain_4_all cells;Fetal;brain;Perivascular and other tissue derived cells;L001_R2;s3://sra-pub-src-9/SRR17720218/18wk_Fetal_CNS_Unsorted_3pr_v3_1_S22_L001_R2_001.fastq.gz.1
GSM8101567;SRR17720218;FETAL_brain;unsorted;1;FETAL_brain_4_all cells;Fetal;brain;Perivascular and other tissue derived cells;L002_I1;s3://sra-pub-src-6/SRR17720218/18wk_Fetal_CNS_Unsorted_3pr_v3_1_S22_L002_I1_001.fastq.gz.1
GSM8101567;SRR17720218;FETAL_brain;unsorted;1;FETAL_brain_4_all cells;Fetal;brain;Perivascular and other tissue derived cells;L002_I2;s3://sra-pub-src-9/SRR17720218/18wk_Fetal_CNS_Unsorted_3pr_v3_1_S22_L002_I2_001.fastq.gz.1
GSM8101567;SRR17720218;FETAL_brain;unsorted;1;FETAL_brain_4_all cells;Fetal;brain;Perivascular and other tissue derived cells;L002_R1;s3://sra-pub-src-9/SRR17720218/18wk_Fetal_CNS_Unsorted_3pr_v3_1_S22_L002_R1_001.fastq.gz.1
GSM8101567;SRR17720218;FETAL_brain;unsorted;1;FETAL_brain_4_all cells;Fetal;brain;Perivascular and other tissue derived cells;L002_R2;s3://sra-pub-src-9/SRR17720218/18wk_Fetal_CNS_Unsorted_3pr_v3_1_S22_L002_R2_001.fastq.gz.1
GSM8101568;SRR17720217;FETAL_brain;unsorted;1;FETAL_brain_5_all cells;Fetal;brain;Perivascular and other tissue derived cells;L001_I1;s3://sra-pub-src-17/SRR17720217/15point5_Weeks_Fetal_CNS_Unsorted_3pr_v3_1_S25_L001_I1_001.fastq.gz.1
GSM8101568;SRR17720217;FETAL_brain;unsorted;1;FETAL_brain_5_all cells;Fetal;brain;Perivascular and other tissue derived cells;L001_I2;s3://sra-pub-src-17/SRR17720217/15point5_Weeks_Fetal_CNS_Unsorted_3pr_v3_1_S25_L001_I2_001.fastq.gz.1
GSM8101568;SRR17720217;FETAL_brain;unsorted;1;FETAL_brain_5_all cells;Fetal;brain;Perivascular and other tissue derived cells;L001_R1;s3://sra-pub-src-4/SRR17720217/15point5_Weeks_Fetal_CNS_Unsorted_3pr_v3_1_S25_L001_R1_001.fastq.gz.1
GSM8101568;SRR17720217;FETAL_brain;unsorted;1;FETAL_brain_5_all cells;Fetal;brain;Perivascular and other tissue derived cells;L001_R2;s3://sra-pub-src-4/SRR17720217/15point5_Weeks_Fetal_CNS_Unsorted_3pr_v3_1_S25_L001_R2_001.fastq.gz.1
GSM8101568;SRR17720217;FETAL_brain;unsorted;1;FETAL_brain_5_all cells;Fetal;brain;Perivascular and other tissue derived cells;L002_I1;s3://sra-pub-src-17/SRR17720217/15point5_Weeks_Fetal_CNS_Unsorted_3pr_v3_1_S25_L002_I1_001.fastq.gz.1
GSM8101568;SRR17720217;FETAL_brain;unsorted;1;FETAL_brain_5_all cells;Fetal;brain;Perivascular and other tissue derived cells;L002_I2;s3://sra-pub-src-17/SRR17720217/15point5_Weeks_Fetal_CNS_Unsorted_3pr_v3_1_S25_L002_I2_001.fastq.gz.1
GSM8101568;SRR17720217;FETAL_brain;unsorted;1;FETAL_brain_5_all cells;Fetal;brain;Perivascular and other tissue derived cells;L002_R1;s3://sra-pub-src-4/SRR17720217/15point5_Weeks_Fetal_CNS_Unsorted_3pr_v3_1_S25_L002_R1_001.fastq.gz.1
GSM8101568;SRR17720217;FETAL_brain;unsorted;1;FETAL_brain_5_all cells;Fetal;brain;Perivascular and other tissue derived cells;L002_R2;s3://sra-pub-src-5/SRR17720217/15point5_Weeks_Fetal_CNS_Unsorted_3pr_v3_1_S25_L002_R2_001.fastq.gz.1
GSM8101568;SRR17720217;FETAL_brain;unsorted;1;FETAL_brain_5_all cells;Fetal;brain;Perivascular and other tissue derived cells;L003_I1;s3://sra-pub-src-17/SRR17720217/15point5_Weeks_Fetal_CNS_Unsorted_3pr_v3_1_S25_L003_I1_001.fastq.gz.1
GSM8101568;SRR17720217;FETAL_brain;unsorted;1;FETAL_brain_5_all cells;Fetal;brain;Perivascular and other tissue derived cells;L003_I2;s3://sra-pub-src-17/SRR17720217/15point5_Weeks_Fetal_CNS_Unsorted_3pr_v3_1_S25_L003_I2_001.fastq.gz.1
GSM8101568;SRR17720217;FETAL_brain;unsorted;1;FETAL_brain_5_all cells;Fetal;brain;Perivascular and other tissue derived cells;L003_R1;s3://sra-pub-src-4/SRR17720217/15point5_Weeks_Fetal_CNS_Unsorted_3pr_v3_1_S25_L003_R1_001.fastq.gz.1
GSM8101568;SRR17720217;FETAL_brain;unsorted;1;FETAL_brain_5_all cells;Fetal;brain;Perivascular and other tissue derived cells;L003_R2;s3://sra-pub-src-5/SRR17720217/15point5_Weeks_Fetal_CNS_Unsorted_3pr_v3_1_S25_L003_R2_001.fastq.gz.1
GSM8101568;SRR17720217;FETAL_brain;unsorted;1;FETAL_brain_5_all cells;Fetal;brain;Perivascular and other tissue derived cells;L004_I1;s3://sra-pub-src-17/SRR17720217/15point5_Weeks_Fetal_CNS_Unsorted_3pr_v3_1_S25_L004_I1_001.fastq.gz.1
GSM8101568;SRR17720217;FETAL_brain;unsorted;1;FETAL_brain_5_all cells;Fetal;brain;Perivascular and other tissue derived cells;L004_I2;s3://sra-pub-src-4/SRR17720217/15point5_Weeks_Fetal_CNS_Unsorted_3pr_v3_1_S25_L004_I2_001.fastq.gz.1
GSM8101568;SRR17720217;FETAL_brain;unsorted;1;FETAL_brain_5_all cells;Fetal;brain;Perivascular and other tissue derived cells;L004_R1;s3://sra-pub-src-4/SRR17720217/15point5_Weeks_Fetal_CNS_Unsorted_3pr_v3_1_S25_L004_R1_001.fastq.gz.1
GSM8101568;SRR17720217;FETAL_brain;unsorted;1;FETAL_brain_5_all cells;Fetal;brain;Perivascular and other tissue derived cells;L004_R2;s3://sra-pub-src-5/SRR17720217/15point5_Weeks_Fetal_CNS_Unsorted_3pr_v3_1_S25_L004_R2_001.fastq.gz.1
GSM8101607;SRR28072449;FETAL_brain;unsorted;1;FETAL_brain_6_all cells;Fetal;fetal brain - GW12.4;Endothelial, perivascular and other tissue derived cells;L001_I1;s3://sra-pub-src-8/SRR28072449/12point4_Weeks_Fetal_CNS_UNSORTED_3pr_v3_1_S3_L001_I1_001.fastq.gz.1
GSM8101607;SRR28072449;FETAL_brain;unsorted;1;FETAL_brain_6_all cells;Fetal;fetal brain - GW12.4;Endothelial, perivascular and other tissue derived cells;L001_I2;s3://sra-pub-src-8/SRR28072449/12point4_Weeks_Fetal_CNS_UNSORTED_3pr_v3_1_S3_L001_I2_001.fastq.gz.1
GSM8101607;SRR28072449;FETAL_brain;unsorted;1;FETAL_brain_6_all cells;Fetal;fetal brain - GW12.4;Endothelial, perivascular and other tissue derived cells;L001_R1;s3://sra-pub-src-8/SRR28072449/12point4_Weeks_Fetal_CNS_UNSORTED_3pr_v3_1_S3_L001_R1_001.fastq.gz.1
GSM8101607;SRR28072449;FETAL_brain;unsorted;1;FETAL_brain_6_all cells;Fetal;fetal brain - GW12.4;Endothelial, perivascular and other tissue derived cells;L001_R2;s3://sra-pub-src-8/SRR28072449/12point4_Weeks_Fetal_CNS_UNSORTED_3pr_v3_1_S3_L001_R2_001.fastq.gz.1
GSM8101607;SRR28072450;FETAL_brain;unsorted;1;FETAL_brain_6_all cells;Fetal;fetal brain - GW12.4;Endothelial, perivascular and other tissue derived cells;L002_I1;s3://sra-pub-src-8/SRR28072450/12point4_Weeks_Fetal_CNS_UNSORTED_3pr_v3_1_S3_L002_I1_001.fastq.gz.1
GSM8101607;SRR28072450;FETAL_brain;unsorted;1;FETAL_brain_6_all cells;Fetal;fetal brain - GW12.4;Endothelial, perivascular and other tissue derived cells;L002_I2;s3://sra-pub-src-8/SRR28072450/12point4_Weeks_Fetal_CNS_UNSORTED_3pr_v3_1_S3_L002_I2_001.fastq.gz.1
GSM8101607;SRR28072450;FETAL_brain;unsorted;1;FETAL_brain_6_all cells;Fetal;fetal brain - GW12.4;Endothelial, perivascular and other tissue derived cells;L002_R1;s3://sra-pub-src-8/SRR28072450/12point4_Weeks_Fetal_CNS_UNSORTED_3pr_v3_1_S3_L002_R1_001.fastq.gz.1
GSM8101607;SRR28072450;FETAL_brain;unsorted;1;FETAL_brain_6_all cells;Fetal;fetal brain - GW12.4;Endothelial, perivascular and other tissue derived cells;L002_R2;s3://sra-pub-src-8/SRR28072450/12point4_Weeks_Fetal_CNS_UNSORTED_3pr_v3_1_S3_L002_R2_001.fastq.gz.1
GSM8101606;SRR28072447;FETAL_brain;unsorted;1;FETAL_brain_8_all cells;Fetal;fetal brain - GW9.1;Endothelial, perivascular and other tissue derived cells;L001_I1;s3://sra-pub-src-8/SRR28072447/9point1_Weeks_Fetal_CNS_UNSORTED_3pr_v3_1_S5_L001_I1_001.fastq.gz.1
GSM8101606;SRR28072447;FETAL_brain;unsorted;1;FETAL_brain_8_all cells;Fetal;fetal brain - GW9.1;Endothelial, perivascular and other tissue derived cells;L001_I2;s3://sra-pub-src-8/SRR28072447/9point1_Weeks_Fetal_CNS_UNSORTED_3pr_v3_1_S5_L001_I2_001.fastq.gz.1
GSM8101606;SRR28072447;FETAL_brain;unsorted;1;FETAL_brain_8_all cells;Fetal;fetal brain - GW9.1;Endothelial, perivascular and other tissue derived cells;L001_R1;s3://sra-pub-src-8/SRR28072447/9point1_Weeks_Fetal_CNS_UNSORTED_3pr_v3_1_S5_L001_R1_001.fastq.gz.1
GSM8101606;SRR28072447;FETAL_brain;unsorted;1;FETAL_brain_8_all cells;Fetal;fetal brain - GW9.1;Endothelial, perivascular and other tissue derived cells;L001_R2;s3://sra-pub-src-8/SRR28072447/9point1_Weeks_Fetal_CNS_UNSORTED_3pr_v3_1_S5_L001_R2_001.fastq.gz.1
GSM8101606;SRR28072448;FETAL_brain;unsorted;1;FETAL_brain_8_all cells;Fetal;fetal brain - GW9.1;Endothelial, perivascular and other tissue derived cells;L002_I1;s3://sra-pub-src-8/SRR28072448/9point1_Weeks_Fetal_CNS_UNSORTED_3pr_v3_1_S5_L002_I1_001.fastq.gz.1
GSM8101606;SRR28072448;FETAL_brain;unsorted;1;FETAL_brain_8_all cells;Fetal;fetal brain - GW9.1;Endothelial, perivascular and other tissue derived cells;L002_I2;s3://sra-pub-src-8/SRR28072448/9point1_Weeks_Fetal_CNS_UNSORTED_3pr_v3_1_S5_L002_I2_001.fastq.gz.1
GSM8101606;SRR28072448;FETAL_brain;unsorted;1;FETAL_brain_8_all cells;Fetal;fetal brain - GW9.1;Endothelial, perivascular and other tissue derived cells;L002_R1;s3://sra-pub-src-8/SRR28072448/9point1_Weeks_Fetal_CNS_UNSORTED_3pr_v3_1_S5_L002_R1_001.fastq.gz.1
GSM8101606;SRR28072448;FETAL_brain;unsorted;1;FETAL_brain_8_all cells;Fetal;fetal brain - GW9.1;Endothelial, perivascular and other tissue derived cells;L002_R2;s3://sra-pub-src-8/SRR28072448/9point1_Weeks_Fetal_CNS_UNSORTED_3pr_v3_1_S5_L002_R2_001.fastq.gz.1
GSM8101526;SRR17720224;FETAL_periphery;sorted;5;FETAL_periphery_IND2_EC;Fetal;peripheral organs;Endothelial cells;L001_I1;s3://sra-pub-src-5/SRR17720224/14-4weeks_Fetal_Muscle_Sorted_3pr_v3_S12_L001_I1_001.fastq.gz.1
GSM8101526;SRR17720224;FETAL_periphery;sorted;5;FETAL_periphery_IND2_EC;Fetal;peripheral organs;Endothelial cells;L001_R1;s3://sra-pub-src-5/SRR17720224/14-4weeks_Fetal_Muscle_Sorted_3pr_v3_S12_L001_R1_001.fastq.gz.1
GSM8101526;SRR17720224;FETAL_periphery;sorted;5;FETAL_periphery_IND2_EC;Fetal;peripheral organs;Endothelial cells;L001_R2;s3://sra-pub-src-6/SRR17720224/14-4weeks_Fetal_Muscle_Sorted_3pr_v3_S12_L001_R2_001.fastq.gz.1
GSM8101526;SRR17720224;FETAL_periphery;sorted;5;FETAL_periphery_IND2_EC;Fetal;peripheral organs;Endothelial cells;L002_I1;s3://sra-pub-src-5/SRR17720224/14-4weeks_Fetal_Muscle_Sorted_3pr_v3_S12_L002_I1_001.fastq.gz.1
GSM8101526;SRR17720224;FETAL_periphery;sorted;5;FETAL_periphery_IND2_EC;Fetal;peripheral organs;Endothelial cells;L002_R1;s3://sra-pub-src-6/SRR17720224/14-4weeks_Fetal_Muscle_Sorted_3pr_v3_S12_L002_R1_001.fastq.gz.1
GSM8101526;SRR17720224;FETAL_periphery;sorted;5;FETAL_periphery_IND2_EC;Fetal;peripheral organs;Endothelial cells;L002_R2;s3://sra-pub-src-6/SRR17720224/14-4weeks_Fetal_Muscle_Sorted_3pr_v3_S12_L002_R2_001.fastq.gz.1
GSM8101526;SRR17720224;FETAL_periphery;sorted;5;FETAL_periphery_IND2_EC;Fetal;peripheral organs;Endothelial cells;L003_I1;s3://sra-pub-src-5/SRR17720224/14-4weeks_Fetal_Muscle_Sorted_3pr_v3_S12_L003_I1_001.fastq.gz.1
GSM8101526;SRR17720224;FETAL_periphery;sorted;5;FETAL_periphery_IND2_EC;Fetal;peripheral organs;Endothelial cells;L003_R1;s3://sra-pub-src-5/SRR17720224/14-4weeks_Fetal_Muscle_Sorted_3pr_v3_S12_L003_R1_001.fastq.gz.1
GSM8101526;SRR17720224;FETAL_periphery;sorted;5;FETAL_periphery_IND2_EC;Fetal;peripheral organs;Endothelial cells;L003_R2;s3://sra-pub-src-6/SRR17720224/14-4weeks_Fetal_Muscle_Sorted_3pr_v3_S12_L003_R2_001.fastq.gz.1
GSM8101526;SRR17720224;FETAL_periphery;sorted;5;FETAL_periphery_IND2_EC;Fetal;peripheral organs;Endothelial cells;L004_I1;s3://sra-pub-src-5/SRR17720224/14-4weeks_Fetal_Muscle_Sorted_3pr_v3_S12_L004_I1_001.fastq.gz.1
GSM8101526;SRR17720224;FETAL_periphery;sorted;5;FETAL_periphery_IND2_EC;Fetal;peripheral organs;Endothelial cells;L004_R1;s3://sra-pub-src-5/SRR17720224/14-4weeks_Fetal_Muscle_Sorted_3pr_v3_S12_L004_R1_001.fastq.gz.1
GSM8101526;SRR17720224;FETAL_periphery;sorted;5;FETAL_periphery_IND2_EC;Fetal;peripheral organs;Endothelial cells;L004_R2;s3://sra-pub-src-6/SRR17720224/14-4weeks_Fetal_Muscle_Sorted_3pr_v3_S12_L004_R2_001.fastq.gz.1
GSM8101527;SRR17720200;FETAL_periphery;sorted;5;FETAL_periphery_IND3_EC;Fetal;peripheral organs;Endothelial cells;L001_I1;s3://sra-pub-src-17/SRR17720200/16-4weeks_Fetal_HeartandLung_Sorted_3pr_v3_S15_L001_I1_001.fastq.gz.1
GSM8101527;SRR17720200;FETAL_periphery;sorted;5;FETAL_periphery_IND3_EC;Fetal;peripheral organs;Endothelial cells;L001_R1;s3://sra-pub-src-17/SRR17720200/16-4weeks_Fetal_HeartandLung_Sorted_3pr_v3_S15_L001_R1_001.fastq.gz.1
GSM8101527;SRR17720200;FETAL_periphery;sorted;5;FETAL_periphery_IND3_EC;Fetal;peripheral organs;Endothelial cells;L001_R2;s3://sra-pub-src-17/SRR17720200/16-4weeks_Fetal_HeartandLung_Sorted_3pr_v3_S15_L001_R2_001.fastq.gz.1
GSM8101527;SRR17720200;FETAL_periphery;sorted;5;FETAL_periphery_IND3_EC;Fetal;peripheral organs;Endothelial cells;L002_I1;s3://sra-pub-src-15/SRR17720200/16-4weeks_Fetal_HeartandLung_Sorted_3pr_v3_S15_L002_I1_001.fastq.gz.1
GSM8101527;SRR17720200;FETAL_periphery;sorted;5;FETAL_periphery_IND3_EC;Fetal;peripheral organs;Endothelial cells;L002_R1;s3://sra-pub-src-17/SRR17720200/16-4weeks_Fetal_HeartandLung_Sorted_3pr_v3_S15_L002_R1_001.fastq.gz.1
GSM8101527;SRR17720200;FETAL_periphery;sorted;5;FETAL_periphery_IND3_EC;Fetal;peripheral organs;Endothelial cells;L002_R2;s3://sra-pub-src-4/SRR17720200/16-4weeks_Fetal_HeartandLung_Sorted_3pr_v3_S15_L002_R2_001.fastq.gz.1
GSM8101527;SRR17720200;FETAL_periphery;sorted;5;FETAL_periphery_IND3_EC;Fetal;peripheral organs;Endothelial cells;L003_I1;s3://sra-pub-src-17/SRR17720200/16-4weeks_Fetal_HeartandLung_Sorted_3pr_v3_S15_L003_I1_001.fastq.gz.1
GSM8101527;SRR17720200;FETAL_periphery;sorted;5;FETAL_periphery_IND3_EC;Fetal;peripheral organs;Endothelial cells;L003_R1;s3://sra-pub-src-17/SRR17720200/16-4weeks_Fetal_HeartandLung_Sorted_3pr_v3_S15_L003_R1_001.fastq.gz.1
GSM8101527;SRR17720200;FETAL_periphery;sorted;5;FETAL_periphery_IND3_EC;Fetal;peripheral organs;Endothelial cells;L003_R2;s3://sra-pub-src-4/SRR17720200/16-4weeks_Fetal_HeartandLung_Sorted_3pr_v3_S15_L003_R2_001.fastq.gz.1
GSM8101527;SRR17720200;FETAL_periphery;sorted;5;FETAL_periphery_IND3_EC;Fetal;peripheral organs;Endothelial cells;L004_I1;s3://sra-pub-src-15/SRR17720200/16-4weeks_Fetal_HeartandLung_Sorted_3pr_v3_S15_L004_I1_001.fastq.gz.1
GSM8101527;SRR17720200;FETAL_periphery;sorted;5;FETAL_periphery_IND3_EC;Fetal;peripheral organs;Endothelial cells;L004_R1;s3://sra-pub-src-17/SRR17720200/16-4weeks_Fetal_HeartandLung_Sorted_3pr_v3_S15_L004_R1_001.fastq.gz.1
GSM8101527;SRR17720200;FETAL_periphery;sorted;5;FETAL_periphery_IND3_EC;Fetal;peripheral organs;Endothelial cells;L004_R2;s3://sra-pub-src-4/SRR17720200/16-4weeks_Fetal_HeartandLung_Sorted_3pr_v3_S15_L004_R2_001.fastq.gz.1
GSM8101528;SRR17720188;FETAL_periphery;sorted;5;FETAL_periphery_IND4_EC;Fetal;peripheral organs;Endothelial cells;L001_I1;s3://sra-pub-src-8/SRR17720188/18wk_Fetal_Leg_Sorted_3pr_v3_1_S23_L001_I1_001.fastq.gz.1
GSM8101528;SRR17720188;FETAL_periphery;sorted;5;FETAL_periphery_IND4_EC;Fetal;peripheral organs;Endothelial cells;L001_I2;s3://sra-pub-src-8/SRR17720188/18wk_Fetal_Leg_Sorted_3pr_v3_1_S23_L001_I2_001.fastq.gz.1
GSM8101528;SRR17720188;FETAL_periphery;sorted;5;FETAL_periphery_IND4_EC;Fetal;peripheral organs;Endothelial cells;L001_R1;s3://sra-pub-src-15/SRR17720188/18wk_Fetal_Leg_Sorted_3pr_v3_1_S23_L001_R1_001.fastq.gz.1
GSM8101528;SRR17720188;FETAL_periphery;sorted;5;FETAL_periphery_IND4_EC;Fetal;peripheral organs;Endothelial cells;L001_R2;s3://sra-pub-src-15/SRR17720188/18wk_Fetal_Leg_Sorted_3pr_v3_1_S23_L001_R2_001.fastq.gz.1
GSM8101528;SRR17720188;FETAL_periphery;sorted;5;FETAL_periphery_IND4_EC;Fetal;peripheral organs;Endothelial cells;L002_I1;s3://sra-pub-src-15/SRR17720188/18wk_Fetal_Leg_Sorted_3pr_v3_1_S23_L002_I1_001.fastq.gz.1
GSM8101528;SRR17720188;FETAL_periphery;sorted;5;FETAL_periphery_IND4_EC;Fetal;peripheral organs;Endothelial cells;L002_I2;s3://sra-pub-src-15/SRR17720188/18wk_Fetal_Leg_Sorted_3pr_v3_1_S23_L002_I2_001.fastq.gz.1
GSM8101528;SRR17720188;FETAL_periphery;sorted;5;FETAL_periphery_IND4_EC;Fetal;peripheral organs;Endothelial cells;L002_R1;s3://sra-pub-src-15/SRR17720188/18wk_Fetal_Leg_Sorted_3pr_v3_1_S23_L002_R1_001.fastq.gz.1
GSM8101528;SRR17720188;FETAL_periphery;sorted;5;FETAL_periphery_IND4_EC;Fetal;peripheral organs;Endothelial cells;L002_R2;s3://sra-pub-src-15/SRR17720188/18wk_Fetal_Leg_Sorted_3pr_v3_1_S23_L002_R2_001.fastq.gz.1
GSM8101532;SRR17720151;FETAL_periphery;sorted;5;FETAL_periphery_IND5.1_EC;Fetal;peripheral organs;Endothelial cells;L001_I1;s3://sra-pub-src-10/SRR17720151/15point5_Weeks_Fetal_Heart_Sorted_3pr_v3_1_S11_L001_I1_001.fastq.gz.1
GSM8101532;SRR17720151;FETAL_periphery;sorted;5;FETAL_periphery_IND5.1_EC;Fetal;peripheral organs;Endothelial cells;L001_I2;s3://sra-pub-src-10/SRR17720151/15point5_Weeks_Fetal_Heart_Sorted_3pr_v3_1_S11_L001_I2_001.fastq.gz.1
GSM8101532;SRR17720151;FETAL_periphery;sorted;5;FETAL_periphery_IND5.1_EC;Fetal;peripheral organs;Endothelial cells;L001_R1;s3://sra-pub-src-10/SRR17720151/15point5_Weeks_Fetal_Heart_Sorted_3pr_v3_1_S11_L001_R1_001.fastq.gz.1
GSM8101532;SRR17720151;FETAL_periphery;sorted;5;FETAL_periphery_IND5.1_EC;Fetal;peripheral organs;Endothelial cells;L001_R2;s3://sra-pub-src-10/SRR17720151/15point5_Weeks_Fetal_Heart_Sorted_3pr_v3_1_S11_L001_R2_001.fastq.gz.1
GSM8101532;SRR17720151;FETAL_periphery;sorted;5;FETAL_periphery_IND5.1_EC;Fetal;peripheral organs;Endothelial cells;L002_I1;s3://sra-pub-src-13/SRR17720151/15point5_Weeks_Fetal_Heart_Sorted_3pr_v3_1_S11_L002_I1_001.fastq.gz.1
GSM8101532;SRR17720151;FETAL_periphery;sorted;5;FETAL_periphery_IND5.1_EC;Fetal;peripheral organs;Endothelial cells;L002_I2;s3://sra-pub-src-10/SRR17720151/15point5_Weeks_Fetal_Heart_Sorted_3pr_v3_1_S11_L002_I2_001.fastq.gz.1
GSM8101532;SRR17720151;FETAL_periphery;sorted;5;FETAL_periphery_IND5.1_EC;Fetal;peripheral organs;Endothelial cells;L002_R1;s3://sra-pub-src-10/SRR17720151/15point5_Weeks_Fetal_Heart_Sorted_3pr_v3_1_S11_L002_R1_001.fastq.gz.1
GSM8101532;SRR17720151;FETAL_periphery;sorted;5;FETAL_periphery_IND5.1_EC;Fetal;peripheral organs;Endothelial cells;L002_R2;s3://sra-pub-src-12/SRR17720151/15point5_Weeks_Fetal_Heart_Sorted_3pr_v3_1_S11_L002_R2_001.fastq.gz.1
GSM8101530;SRR17720219;FETAL_periphery;sorted;5;FETAL_periphery_IND5.2_EC;Fetal;peripheral organs;Endothelial cells;L001_I1;s3://sra-pub-src-13/SRR17720219/15point5_Weeks_Fetal_Kidney_Sorted_3pr_v3_1_S7_L001_I1_001.fastq.gz.1
GSM8101530;SRR17720219;FETAL_periphery;sorted;5;FETAL_periphery_IND5.2_EC;Fetal;peripheral organs;Endothelial cells;L001_I2;s3://sra-pub-src-13/SRR17720219/15point5_Weeks_Fetal_Kidney_Sorted_3pr_v3_1_S7_L001_I2_001.fastq.gz.1
GSM8101530;SRR17720219;FETAL_periphery;sorted;5;FETAL_periphery_IND5.2_EC;Fetal;peripheral organs;Endothelial cells;L001_R1;s3://sra-pub-src-10/SRR17720219/15point5_Weeks_Fetal_Kidney_Sorted_3pr_v3_1_S7_L001_R1_001.fastq.gz.1
GSM8101530;SRR17720219;FETAL_periphery;sorted;5;FETAL_periphery_IND5.2_EC;Fetal;peripheral organs;Endothelial cells;L001_R2;s3://sra-pub-src-10/SRR17720219/15point5_Weeks_Fetal_Kidney_Sorted_3pr_v3_1_S7_L001_R2_001.fastq.gz.1
GSM8101530;SRR17720219;FETAL_periphery;sorted;5;FETAL_periphery_IND5.2_EC;Fetal;peripheral organs;Endothelial cells;L002_I1;s3://sra-pub-src-13/SRR17720219/15point5_Weeks_Fetal_Kidney_Sorted_3pr_v3_1_S7_L002_I1_001.fastq.gz.1
GSM8101530;SRR17720219;FETAL_periphery;sorted;5;FETAL_periphery_IND5.2_EC;Fetal;peripheral organs;Endothelial cells;L002_I2;s3://sra-pub-src-10/SRR17720219/15point5_Weeks_Fetal_Kidney_Sorted_3pr_v3_1_S7_L002_I2_001.fastq.gz.1
GSM8101530;SRR17720219;FETAL_periphery;sorted;5;FETAL_periphery_IND5.2_EC;Fetal;peripheral organs;Endothelial cells;L002_R1;s3://sra-pub-src-10/SRR17720219/15point5_Weeks_Fetal_Kidney_Sorted_3pr_v3_1_S7_L002_R1_001.fastq.gz.1
GSM8101530;SRR17720219;FETAL_periphery;sorted;5;FETAL_periphery_IND5.2_EC;Fetal;peripheral organs;Endothelial cells;L002_R2;s3://sra-pub-src-10/SRR17720219/15point5_Weeks_Fetal_Kidney_Sorted_3pr_v3_1_S7_L002_R2_001.fastq.gz.1
GSM8101529;SRR17720208;FETAL_periphery;sorted;5;FETAL_periphery_IND5.3_EC;Fetal;peripheral organs;Endothelial cells;L001_I1;s3://sra-pub-src-11/SRR17720208/15point5_Weeks_Fetal_Throat_Sorted_3pr_v3_1_S9_L001_I1_001.fastq.gz.1
GSM8101529;SRR17720208;FETAL_periphery;sorted;5;FETAL_periphery_IND5.3_EC;Fetal;peripheral organs;Endothelial cells;L001_I2;s3://sra-pub-src-9/SRR17720208/15point5_Weeks_Fetal_Throat_Sorted_3pr_v3_1_S9_L001_I2_001.fastq.gz.1
GSM8101529;SRR17720208;FETAL_periphery;sorted;5;FETAL_periphery_IND5.3_EC;Fetal;peripheral organs;Endothelial cells;L001_R1;s3://sra-pub-src-11/SRR17720208/15point5_Weeks_Fetal_Throat_Sorted_3pr_v3_1_S9_L001_R1_001.fastq.gz.1
GSM8101529;SRR17720208;FETAL_periphery;sorted;5;FETAL_periphery_IND5.3_EC;Fetal;peripheral organs;Endothelial cells;L001_R2;s3://sra-pub-src-11/SRR17720208/15point5_Weeks_Fetal_Throat_Sorted_3pr_v3_1_S9_L001_R2_001.fastq.gz.1
GSM8101529;SRR17720208;FETAL_periphery;sorted;5;FETAL_periphery_IND5.3_EC;Fetal;peripheral organs;Endothelial cells;L002_I1;s3://sra-pub-src-11/SRR17720208/15point5_Weeks_Fetal_Throat_Sorted_3pr_v3_1_S9_L002_I1_001.fastq.gz.1
GSM8101529;SRR17720208;FETAL_periphery;sorted;5;FETAL_periphery_IND5.3_EC;Fetal;peripheral organs;Endothelial cells;L002_I2;s3://sra-pub-src-9/SRR17720208/15point5_Weeks_Fetal_Throat_Sorted_3pr_v3_1_S9_L002_I2_001.fastq.gz.1
GSM8101529;SRR17720208;FETAL_periphery;sorted;5;FETAL_periphery_IND5.3_EC;Fetal;peripheral organs;Endothelial cells;L002_R1;s3://sra-pub-src-11/SRR17720208/15point5_Weeks_Fetal_Throat_Sorted_3pr_v3_1_S9_L002_R1_001.fastq.gz.1
GSM8101529;SRR17720208;FETAL_periphery;sorted;5;FETAL_periphery_IND5.3_EC;Fetal;peripheral organs;Endothelial cells;L002_R2;s3://sra-pub-src-11/SRR17720208/15point5_Weeks_Fetal_Throat_Sorted_3pr_v3_1_S9_L002_R2_001.fastq.gz.1
GSM8101531;SRR17720175;FETAL_periphery;sorted;5;FETAL_periphery_IND5_EC;Fetal;peripheral organs;Endothelial cells;L001_I1;s3://sra-pub-src-6/SRR17720175/15point5_Weeks_Fetal_Arm_Sorted_3pr_v3_1_S12_L001_I1_001.fastq.gz.1
GSM8101531;SRR17720175;FETAL_periphery;sorted;5;FETAL_periphery_IND5_EC;Fetal;peripheral organs;Endothelial cells;L001_I2;s3://sra-pub-src-9/SRR17720175/15point5_Weeks_Fetal_Arm_Sorted_3pr_v3_1_S12_L001_I2_001.fastq.gz.1
GSM8101531;SRR17720175;FETAL_periphery;sorted;5;FETAL_periphery_IND5_EC;Fetal;peripheral organs;Endothelial cells;L001_R1;s3://sra-pub-src-9/SRR17720175/15point5_Weeks_Fetal_Arm_Sorted_3pr_v3_1_S12_L001_R1_001.fastq.gz.1
GSM8101531;SRR17720175;FETAL_periphery;sorted;5;FETAL_periphery_IND5_EC;Fetal;peripheral organs;Endothelial cells;L001_R2;s3://sra-pub-src-9/SRR17720175/15point5_Weeks_Fetal_Arm_Sorted_3pr_v3_1_S12_L001_R2_001.fastq.gz.1
GSM8101531;SRR17720175;FETAL_periphery;sorted;5;FETAL_periphery_IND5_EC;Fetal;peripheral organs;Endothelial cells;L002_I1;s3://sra-pub-src-9/SRR17720175/15point5_Weeks_Fetal_Arm_Sorted_3pr_v3_1_S12_L002_I1_001.fastq.gz.1
GSM8101531;SRR17720175;FETAL_periphery;sorted;5;FETAL_periphery_IND5_EC;Fetal;peripheral organs;Endothelial cells;L002_I2;s3://sra-pub-src-9/SRR17720175/15point5_Weeks_Fetal_Arm_Sorted_3pr_v3_1_S12_L002_I2_001.fastq.gz.1
GSM8101531;SRR17720175;FETAL_periphery;sorted;5;FETAL_periphery_IND5_EC;Fetal;peripheral organs;Endothelial cells;L002_R1;s3://sra-pub-src-9/SRR17720175/15point5_Weeks_Fetal_Arm_Sorted_3pr_v3_1_S12_L002_R1_001.fastq.gz.1
GSM8101531;SRR17720175;FETAL_periphery;sorted;5;FETAL_periphery_IND5_EC;Fetal;peripheral organs;Endothelial cells;L002_R2;s3://sra-pub-src-9/SRR17720175/15point5_Weeks_Fetal_Arm_Sorted_3pr_v3_1_S12_L002_R2_001.fastq.gz.1
GSM8101533;SRR17720168;FETAL_periphery;sorted;5;FETAL_periphery_IND6_EC;Fetal;peripheral organs;Endothelial cells;L001_I1;s3://sra-pub-src-12/SRR17720168/12point4_Weeks_Fetal_Arm_SORTED_3pr_v3_1_S4_L001_I1_001.fastq.gz.1
GSM8101533;SRR17720168;FETAL_periphery;sorted;5;FETAL_periphery_IND6_EC;Fetal;peripheral organs;Endothelial cells;L001_I2;s3://sra-pub-src-12/SRR17720168/12point4_Weeks_Fetal_Arm_SORTED_3pr_v3_1_S4_L001_I2_001.fastq.gz.1
GSM8101533;SRR17720168;FETAL_periphery;sorted;5;FETAL_periphery_IND6_EC;Fetal;peripheral organs;Endothelial cells;L001_R1;s3://sra-pub-src-12/SRR17720168/12point4_Weeks_Fetal_Arm_SORTED_3pr_v3_1_S4_L001_R1_001.fastq.gz.1
GSM8101533;SRR17720168;FETAL_periphery;sorted;5;FETAL_periphery_IND6_EC;Fetal;peripheral organs;Endothelial cells;L001_R2;s3://sra-pub-src-16/SRR17720168/12point4_Weeks_Fetal_Arm_SORTED_3pr_v3_1_S4_L001_R2_001.fastq.gz.1
GSM8101533;SRR17720168;FETAL_periphery;sorted;5;FETAL_periphery_IND6_EC;Fetal;peripheral organs;Endothelial cells;L002_I1;s3://sra-pub-src-12/SRR17720168/12point4_Weeks_Fetal_Arm_SORTED_3pr_v3_1_S4_L002_I1_001.fastq.gz.1
GSM8101533;SRR17720168;FETAL_periphery;sorted;5;FETAL_periphery_IND6_EC;Fetal;peripheral organs;Endothelial cells;L002_I2;s3://sra-pub-src-12/SRR17720168/12point4_Weeks_Fetal_Arm_SORTED_3pr_v3_1_S4_L002_I2_001.fastq.gz.1
GSM8101533;SRR17720168;FETAL_periphery;sorted;5;FETAL_periphery_IND6_EC;Fetal;peripheral organs;Endothelial cells;L002_R1;s3://sra-pub-src-12/SRR17720168/12point4_Weeks_Fetal_Arm_SORTED_3pr_v3_1_S4_L002_R1_001.fastq.gz.1
GSM8101533;SRR17720168;FETAL_periphery;sorted;5;FETAL_periphery_IND6_EC;Fetal;peripheral organs;Endothelial cells;L002_R2;s3://sra-pub-src-16/SRR17720168/12point4_Weeks_Fetal_Arm_SORTED_3pr_v3_1_S4_L002_R2_001.fastq.gz.1
GSM8101598;SRR28072443;TL;sorted;9;TL_patient10_EC_1;Adult;adult/control brain;Endothelial cells;L001_I1;s3://sra-pub-src-8/SRR28072443/TL_24-02-2020_greymatter_sorted_2ndbatch_3pr_v3_S21_L001_I1_001.fastq.gz.1
GSM8101598;SRR28072443;TL;sorted;9;TL_patient10_EC_1;Adult;adult/control brain;Endothelial cells;L001_R1;s3://sra-pub-src-8/SRR28072443/TL_24-02-2020_greymatter_sorted_2ndbatch_3pr_v3_S21_L001_R1_001.fastq.gz.1
GSM8101598;SRR28072443;TL;sorted;9;TL_patient10_EC_1;Adult;adult/control brain;Endothelial cells;L001_R2;s3://sra-pub-src-8/SRR28072443/TL_24-02-2020_greymatter_sorted_2ndbatch_3pr_v3_S21_L001_R2_001.fastq.gz.1
GSM8101598;SRR28072444;TL;sorted;9;TL_patient10_EC_1;Adult;adult/control brain;Endothelial cells;L002_I1;s3://sra-pub-src-8/SRR28072444/TL_24-02-2020_greymatter_sorted_2ndbatch_3pr_v3_S21_L002_I1_001.fastq.gz.1
GSM8101598;SRR28072444;TL;sorted;9;TL_patient10_EC_1;Adult;adult/control brain;Endothelial cells;L002_R1;s3://sra-pub-src-8/SRR28072444/TL_24-02-2020_greymatter_sorted_2ndbatch_3pr_v3_S21_L002_R1_001.fastq.gz.1
GSM8101598;SRR28072444;TL;sorted;9;TL_patient10_EC_1;Adult;adult/control brain;Endothelial cells;L002_R2;s3://sra-pub-src-8/SRR28072444/TL_24-02-2020_greymatter_sorted_2ndbatch_3pr_v3_S21_L002_R2_001.fastq.gz.1
GSM8101598;SRR28072445;TL;sorted;9;TL_patient10_EC_1;Adult;adult/control brain;Endothelial cells;L003_I1;s3://sra-pub-src-8/SRR28072445/TL_24-02-2020_greymatter_sorted_2ndbatch_3pr_v3_S21_L003_I1_001.fastq.gz.1
GSM8101598;SRR28072445;TL;sorted;9;TL_patient10_EC_1;Adult;adult/control brain;Endothelial cells;L003_R1;s3://sra-pub-src-8/SRR28072445/TL_24-02-2020_greymatter_sorted_2ndbatch_3pr_v3_S21_L003_R1_001.fastq.gz.1
GSM8101598;SRR28072445;TL;sorted;9;TL_patient10_EC_1;Adult;adult/control brain;Endothelial cells;L003_R2;s3://sra-pub-src-8/SRR28072445/TL_24-02-2020_greymatter_sorted_2ndbatch_3pr_v3_S21_L003_R2_001.fastq.gz.1
GSM8101598;SRR28072446;TL;sorted;9;TL_patient10_EC_1;Adult;adult/control brain;Endothelial cells;L004_I1;s3://sra-pub-src-8/SRR28072446/TL_24-02-2020_greymatter_sorted_2ndbatch_3pr_v3_S21_L004_I1_001.fastq.gz.1
GSM8101598;SRR28072446;TL;sorted;9;TL_patient10_EC_1;Adult;adult/control brain;Endothelial cells;L004_R1;s3://sra-pub-src-8/SRR28072446/TL_24-02-2020_greymatter_sorted_2ndbatch_3pr_v3_S21_L004_R1_001.fastq.gz.1
GSM8101598;SRR28072446;TL;sorted;9;TL_patient10_EC_1;Adult;adult/control brain;Endothelial cells;L004_R2;s3://sra-pub-src-8/SRR28072446/TL_24-02-2020_greymatter_sorted_2ndbatch_3pr_v3_S21_L004_R2_001.fastq.gz.1
GSM8101599;SRR28072439;TL;sorted;9;TL_patient10_EC_2;Adult;adult/control brain;Endothelial cells;L001_I1;s3://sra-pub-src-8/SRR28072439/TL_24-02-2020_whitematter_sorted_3pr_v3_S20_L001_I1_001.fastq.gz.1
GSM8101599;SRR28072439;TL;sorted;9;TL_patient10_EC_2;Adult;adult/control brain;Endothelial cells;L001_R1;s3://sra-pub-src-8/SRR28072439/TL_24-02-2020_whitematter_sorted_3pr_v3_S20_L001_R1_001.fastq.gz.1
GSM8101599;SRR28072439;TL;sorted;9;TL_patient10_EC_2;Adult;adult/control brain;Endothelial cells;L001_R2;s3://sra-pub-src-8/SRR28072439/TL_24-02-2020_whitematter_sorted_3pr_v3_S20_L001_R2_001.fastq.gz.1
GSM8101599;SRR28072440;TL;sorted;9;TL_patient10_EC_2;Adult;adult/control brain;Endothelial cells;L002_I1;s3://sra-pub-src-8/SRR28072440/TL_24-02-2020_whitematter_sorted_3pr_v3_S20_L002_I1_001.fastq.gz.1
GSM8101599;SRR28072440;TL;sorted;9;TL_patient10_EC_2;Adult;adult/control brain;Endothelial cells;L002_R1;s3://sra-pub-src-8/SRR28072440/TL_24-02-2020_whitematter_sorted_3pr_v3_S20_L002_R1_001.fastq.gz.1
GSM8101599;SRR28072440;TL;sorted;9;TL_patient10_EC_2;Adult;adult/control brain;Endothelial cells;L002_R2;s3://sra-pub-src-8/SRR28072440/TL_24-02-2020_whitematter_sorted_3pr_v3_S20_L002_R2_001.fastq.gz.1
GSM8101599;SRR28072441;TL;sorted;9;TL_patient10_EC_2;Adult;adult/control brain;Endothelial cells;L003_I1;s3://sra-pub-src-8/SRR28072441/TL_24-02-2020_whitematter_sorted_3pr_v3_S20_L003_I1_001.fastq.gz.1
GSM8101599;SRR28072441;TL;sorted;9;TL_patient10_EC_2;Adult;adult/control brain;Endothelial cells;L003_R1;s3://sra-pub-src-8/SRR28072441/TL_24-02-2020_whitematter_sorted_3pr_v3_S20_L003_R1_001.fastq.gz.1
GSM8101599;SRR28072441;TL;sorted;9;TL_patient10_EC_2;Adult;adult/control brain;Endothelial cells;L003_R2;s3://sra-pub-src-8/SRR28072441/TL_24-02-2020_whitematter_sorted_3pr_v3_S20_L003_R2_001.fastq.gz.1
GSM8101599;SRR28072442;TL;sorted;9;TL_patient10_EC_2;Adult;adult/control brain;Endothelial cells;L004_I1;s3://sra-pub-src-8/SRR28072442/TL_24-02-2020_whitematter_sorted_3pr_v3_S20_L004_I1_001.fastq.gz.1
GSM8101599;SRR28072442;TL;sorted;9;TL_patient10_EC_2;Adult;adult/control brain;Endothelial cells;L004_R1;s3://sra-pub-src-8/SRR28072442/TL_24-02-2020_whitematter_sorted_3pr_v3_S20_L004_R1_001.fastq.gz.1
GSM8101599;SRR28072442;TL;sorted;9;TL_patient10_EC_2;Adult;adult/control brain;Endothelial cells;L004_R2;s3://sra-pub-src-8/SRR28072442/TL_24-02-2020_whitematter_sorted_3pr_v3_S20_L004_R2_001.fastq.gz.1
GSM8101536;SRR17720195;TL;sorted;9;TL_patient3_EC;Adult;brain;Endothelial cells;L001_I1;s3://sra-pub-src-15/SRR17720195/temporal_lobe_20190219_S2_L001_I1_001.fastq.gz.1
GSM8101536;SRR17720195;TL;sorted;9;TL_patient3_EC;Adult;brain;Endothelial cells;L001_R1;s3://sra-pub-src-4/SRR17720195/temporal_lobe_20190219_S2_L001_R1_001.fastq.gz.1
GSM8101536;SRR17720195;TL;sorted;9;TL_patient3_EC;Adult;brain;Endothelial cells;L001_R2;s3://sra-pub-src-5/SRR17720195/temporal_lobe_20190219_S2_L001_R2_001.fastq.gz.1
GSM8101536;SRR17720195;TL;sorted;9;TL_patient3_EC;Adult;brain;Endothelial cells;L002_I1;s3://sra-pub-src-15/SRR17720195/temporal_lobe_20190219_S2_L002_I1_001.fastq.gz.1
GSM8101536;SRR17720195;TL;sorted;9;TL_patient3_EC;Adult;brain;Endothelial cells;L002_R1;s3://sra-pub-src-17/SRR17720195/temporal_lobe_20190219_S2_L002_R1_001.fastq.gz.1
GSM8101536;SRR17720195;TL;sorted;9;TL_patient3_EC;Adult;brain;Endothelial cells;L002_R2;s3://sra-pub-src-5/SRR17720195/temporal_lobe_20190219_S2_L002_R2_001.fastq.gz.1
GSM8101536;SRR17720195;TL;sorted;9;TL_patient3_EC;Adult;brain;Endothelial cells;L003_I1;s3://sra-pub-src-15/SRR17720195/temporal_lobe_20190219_S2_L003_I1_001.fastq.gz.1
GSM8101536;SRR17720195;TL;sorted;9;TL_patient3_EC;Adult;brain;Endothelial cells;L003_R1;s3://sra-pub-src-17/SRR17720195/temporal_lobe_20190219_S2_L003_R1_001.fastq.gz.1
GSM8101536;SRR17720195;TL;sorted;9;TL_patient3_EC;Adult;brain;Endothelial cells;L003_R2;s3://sra-pub-src-4/SRR17720195/temporal_lobe_20190219_S2_L003_R2_001.fastq.gz.1
GSM8101536;SRR17720195;TL;sorted;9;TL_patient3_EC;Adult;brain;Endothelial cells;L004_I1;s3://sra-pub-src-15/SRR17720195/temporal_lobe_20190219_S2_L004_I1_001.fastq.gz.1
GSM8101536;SRR17720195;TL;sorted;9;TL_patient3_EC;Adult;brain;Endothelial cells;L004_R1;s3://sra-pub-src-4/SRR17720195/temporal_lobe_20190219_S2_L004_R1_001.fastq.gz.1
GSM8101536;SRR17720195;TL;sorted;9;TL_patient3_EC;Adult;brain;Endothelial cells;L004_R2;s3://sra-pub-src-4/SRR17720195/temporal_lobe_20190219_S2_L004_R2_001.fastq.gz.1
GSM8101536;SRR17720195;TL;sorted;9;TL_patient3_EC;Adult;brain;Endothelial cells;L005_I1;s3://sra-pub-src-15/SRR17720195/temporal_lobe_20190219_S2_L005_I1_001.fastq.gz.1
GSM8101536;SRR17720195;TL;sorted;9;TL_patient3_EC;Adult;brain;Endothelial cells;L005_R1;s3://sra-pub-src-17/SRR17720195/temporal_lobe_20190219_S2_L005_R1_001.fastq.gz.1
GSM8101536;SRR17720195;TL;sorted;9;TL_patient3_EC;Adult;brain;Endothelial cells;L005_R2;s3://sra-pub-src-5/SRR17720195/temporal_lobe_20190219_S2_L005_R2_001.fastq.gz.1
GSM8101536;SRR17720195;TL;sorted;9;TL_patient3_EC;Adult;brain;Endothelial cells;L006_I1;s3://sra-pub-src-15/SRR17720195/temporal_lobe_20190219_S2_L006_I1_001.fastq.gz.1
GSM8101536;SRR17720195;TL;sorted;9;TL_patient3_EC;Adult;brain;Endothelial cells;L006_R1;s3://sra-pub-src-4/SRR17720195/temporal_lobe_20190219_S2_L006_R1_001.fastq.gz.1
GSM8101536;SRR17720195;TL;sorted;9;TL_patient3_EC;Adult;brain;Endothelial cells;L006_R2;s3://sra-pub-src-5/SRR17720195/temporal_lobe_20190219_S2_L006_R2_001.fastq.gz.1
GSM8101536;SRR17720195;TL;sorted;9;TL_patient3_EC;Adult;brain;Endothelial cells;L007_I1;s3://sra-pub-src-17/SRR17720195/temporal_lobe_20190219_S2_L007_I1_001.fastq.gz.1
GSM8101536;SRR17720195;TL;sorted;9;TL_patient3_EC;Adult;brain;Endothelial cells;L007_R1;s3://sra-pub-src-17/SRR17720195/temporal_lobe_20190219_S2_L007_R1_001.fastq.gz.1
GSM8101536;SRR17720195;TL;sorted;9;TL_patient3_EC;Adult;brain;Endothelial cells;L007_R2;s3://sra-pub-src-5/SRR17720195/temporal_lobe_20190219_S2_L007_R2_001.fastq.gz.1
GSM8101536;SRR17720195;TL;sorted;9;TL_patient3_EC;Adult;brain;Endothelial cells;L008_I1;s3://sra-pub-src-17/SRR17720195/temporal_lobe_20190219_S2_L008_I1_001.fastq.gz.1
GSM8101536;SRR17720195;TL;sorted;9;TL_patient3_EC;Adult;brain;Endothelial cells;L008_R1;s3://sra-pub-src-17/SRR17720195/temporal_lobe_20190219_S2_L008_R1_001.fastq.gz.1
GSM8101536;SRR17720195;TL;sorted;9;TL_patient3_EC;Adult;brain;Endothelial cells;L008_R2;s3://sra-pub-src-4/SRR17720195/temporal_lobe_20190219_S2_L008_R2_001.fastq.gz.1
GSM8101537;SRR17720193;TL;sorted;9;TL_patient4_EC;Adult;brain;Endothelial cells;L001_I1;s3://sra-pub-src-11/SRR17720193/TLE_S12_L001_I1_001.fastq.gz.1
GSM8101537;SRR17720193;TL;sorted;9;TL_patient4_EC;Adult;brain;Endothelial cells;L001_R1;s3://sra-pub-src-7/SRR17720193/TLE_S12_L001_R1_001.fastq.gz.1
GSM8101537;SRR17720193;TL;sorted;9;TL_patient4_EC;Adult;brain;Endothelial cells;L001_R2;s3://sra-pub-src-10/SRR17720193/TLE_S12_L001_R2_001.fastq.gz.1
GSM8101537;SRR17720193;TL;sorted;9;TL_patient4_EC;Adult;brain;Endothelial cells;L002_I1;s3://sra-pub-src-11/SRR17720193/TLE_S12_L002_I1_001.fastq.gz.1
GSM8101537;SRR17720193;TL;sorted;9;TL_patient4_EC;Adult;brain;Endothelial cells;L002_R1;s3://sra-pub-src-11/SRR17720193/TLE_S12_L002_R1_001.fastq.gz.1
GSM8101537;SRR17720193;TL;sorted;9;TL_patient4_EC;Adult;brain;Endothelial cells;L002_R2;s3://sra-pub-src-10/SRR17720193/TLE_S12_L002_R2_001.fastq.gz.1
GSM8101537;SRR17720193;TL;sorted;9;TL_patient4_EC;Adult;brain;Endothelial cells;L003_I1;s3://sra-pub-src-11/SRR17720193/TLE_S12_L003_I1_001.fastq.gz.1
GSM8101537;SRR17720193;TL;sorted;9;TL_patient4_EC;Adult;brain;Endothelial cells;L003_R1;s3://sra-pub-src-7/SRR17720193/TLE_S12_L003_R1_001.fastq.gz.1
GSM8101537;SRR17720193;TL;sorted;9;TL_patient4_EC;Adult;brain;Endothelial cells;L003_R2;s3://sra-pub-src-10/SRR17720193/TLE_S12_L003_R2_001.fastq.gz.1
GSM8101537;SRR17720193;TL;sorted;9;TL_patient4_EC;Adult;brain;Endothelial cells;L004_I1;s3://sra-pub-src-7/SRR17720193/TLE_S12_L004_I1_001.fastq.gz.1
GSM8101537;SRR17720193;TL;sorted;9;TL_patient4_EC;Adult;brain;Endothelial cells;L004_R1;s3://sra-pub-src-7/SRR17720193/TLE_S12_L004_R1_001.fastq.gz.1
GSM8101537;SRR17720193;TL;sorted;9;TL_patient4_EC;Adult;brain;Endothelial cells;L004_R2;s3://sra-pub-src-10/SRR17720193/TLE_S12_L004_R2_001.fastq.gz.1
GSM8101537;SRR17720193;TL;sorted;9;TL_patient4_EC;Adult;brain;Endothelial cells;L005_I1;s3://sra-pub-src-7/SRR17720193/TLE_S12_L005_I1_001.fastq.gz.1
GSM8101537;SRR17720193;TL;sorted;9;TL_patient4_EC;Adult;brain;Endothelial cells;L005_R1;s3://sra-pub-src-13/SRR17720193/TLE_S12_L005_R1_001.fastq.gz.1
GSM8101537;SRR17720193;TL;sorted;9;TL_patient4_EC;Adult;brain;Endothelial cells;L005_R2;s3://sra-pub-src-13/SRR17720193/TLE_S12_L005_R2_001.fastq.gz.1
GSM8101537;SRR17720193;TL;sorted;9;TL_patient4_EC;Adult;brain;Endothelial cells;L006_I1;s3://sra-pub-src-7/SRR17720193/TLE_S12_L006_I1_001.fastq.gz.1
GSM8101537;SRR17720193;TL;sorted;9;TL_patient4_EC;Adult;brain;Endothelial cells;L006_R1;s3://sra-pub-src-10/SRR17720193/TLE_S12_L006_R1_001.fastq.gz.1
GSM8101537;SRR17720193;TL;sorted;9;TL_patient4_EC;Adult;brain;Endothelial cells;L006_R2;s3://sra-pub-src-13/SRR17720193/TLE_S12_L006_R2_001.fastq.gz.1
GSM8101537;SRR17720193;TL;sorted;9;TL_patient4_EC;Adult;brain;Endothelial cells;L007_I1;s3://sra-pub-src-10/SRR17720193/TLE_S12_L007_I1_001.fastq.gz.1
GSM8101537;SRR17720193;TL;sorted;9;TL_patient4_EC;Adult;brain;Endothelial cells;L007_R1;s3://sra-pub-src-13/SRR17720193/TLE_S12_L007_R1_001.fastq.gz.1
GSM8101537;SRR17720193;TL;sorted;9;TL_patient4_EC;Adult;brain;Endothelial cells;L007_R2;s3://sra-pub-src-13/SRR17720193/TLE_S12_L007_R2_001.fastq.gz.1
GSM8101537;SRR17720193;TL;sorted;9;TL_patient4_EC;Adult;brain;Endothelial cells;L008_I1;s3://sra-pub-src-10/SRR17720193/TLE_S12_L008_I1_001.fastq.gz.1
GSM8101537;SRR17720193;TL;sorted;9;TL_patient4_EC;Adult;brain;Endothelial cells;L008_R1;s3://sra-pub-src-13/SRR17720193/TLE_S12_L008_R1_001.fastq.gz.1
GSM8101537;SRR17720193;TL;sorted;9;TL_patient4_EC;Adult;brain;Endothelial cells;L008_R2;s3://sra-pub-src-14/SRR17720193/TLE_S12_L008_R2_001.fastq.gz.1
GSM8101538;SRR17720192;TL;sorted;9;TL_patient5_EC;Adult;brain;Endothelial cells;L001_I1;s3://sra-pub-src-9/SRR17720192/TL_10-10-2019_ECs_S12_L001_I1_001.fastq.gz.1
GSM8101538;SRR17720192;TL;sorted;9;TL_patient5_EC;Adult;brain;Endothelial cells;L001_R1;s3://sra-pub-src-9/SRR17720192/TL_10-10-2019_ECs_S12_L001_R1_001.fastq.gz.1
GSM8101538;SRR17720192;TL;sorted;9;TL_patient5_EC;Adult;brain;Endothelial cells;L001_R2;s3://sra-pub-src-9/SRR17720192/TL_10-10-2019_ECs_S12_L001_R2_001.fastq.gz.1
GSM8101538;SRR17720192;TL;sorted;9;TL_patient5_EC;Adult;brain;Endothelial cells;L002_I1;s3://sra-pub-src-9/SRR17720192/TL_10-10-2019_ECs_S12_L002_I1_001.fastq.gz.1
GSM8101538;SRR17720192;TL;sorted;9;TL_patient5_EC;Adult;brain;Endothelial cells;L002_R1;s3://sra-pub-src-9/SRR17720192/TL_10-10-2019_ECs_S12_L002_R1_001.fastq.gz.1
GSM8101538;SRR17720192;TL;sorted;9;TL_patient5_EC;Adult;brain;Endothelial cells;L002_R2;s3://sra-pub-src-9/SRR17720192/TL_10-10-2019_ECs_S12_L002_R2_001.fastq.gz.1
GSM8101539;SRR17720191;TL;sorted;9;TL_patient6_EC;Adult;brain;Endothelial cells;L001_I1;s3://sra-pub-src-9/SRR17720191/TL_27-01-2020_EC_3pr_v3_S3_L001_I1_001.fastq.gz.1
GSM8101539;SRR17720191;TL;sorted;9;TL_patient6_EC;Adult;brain;Endothelial cells;L001_R1;s3://sra-pub-src-9/SRR17720191/TL_27-01-2020_EC_3pr_v3_S3_L001_R1_001.fastq.gz.1
GSM8101539;SRR17720191;TL;sorted;9;TL_patient6_EC;Adult;brain;Endothelial cells;L001_R2;s3://sra-pub-src-9/SRR17720191/TL_27-01-2020_EC_3pr_v3_S3_L001_R2_001.fastq.gz.1
GSM8101539;SRR17720191;TL;sorted;9;TL_patient6_EC;Adult;brain;Endothelial cells;L002_I1;s3://sra-pub-src-9/SRR17720191/TL_27-01-2020_EC_3pr_v3_S3_L002_I1_001.fastq.gz.1
GSM8101539;SRR17720191;TL;sorted;9;TL_patient6_EC;Adult;brain;Endothelial cells;L002_R1;s3://sra-pub-src-9/SRR17720191/TL_27-01-2020_EC_3pr_v3_S3_L002_R1_001.fastq.gz.1
GSM8101539;SRR17720191;TL;sorted;9;TL_patient6_EC;Adult;brain;Endothelial cells;L002_R2;s3://sra-pub-src-9/SRR17720191/TL_27-01-2020_EC_3pr_v3_S3_L002_R2_001.fastq.gz.1
GSM8101597;SRR28072467;TL;sorted;9;TL_patient7_EC;Adult;adult/control brain;Endothelial cells;L001_I1;s3://sra-pub-src-8/SRR28072467/Combined_White_GreyPia_WhiteGreyPia_03-11-2020_Sorted_3pr_v3_S44_L001_I1_001.fastq.gz.1
GSM8101597;SRR28072467;TL;sorted;9;TL_patient7_EC;Adult;adult/control brain;Endothelial cells;L001_R1;s3://sra-pub-src-8/SRR28072467/Combined_White_GreyPia_WhiteGreyPia_03-11-2020_Sorted_3pr_v3_S44_L001_R1_001.fastq.gz.1
GSM8101597;SRR28072467;TL;sorted;9;TL_patient7_EC;Adult;adult/control brain;Endothelial cells;L001_R2;s3://sra-pub-src-8/SRR28072467/Combined_White_GreyPia_WhiteGreyPia_03-11-2020_Sorted_3pr_v3_S44_L001_R2_001.fastq.gz.1
GSM8101593;SRR28072474;TL;sorted;9;TL_patient9_EC_1;Adult;adult/control brain;Endothelial cells;L001_I1;s3://sra-pub-src-8/SRR28072474/TL_20-02-2020_greymatter_sorted_3pr_v3_S14_L001_I1_001.fastq.gz.1
GSM8101593;SRR28072474;TL;sorted;9;TL_patient9_EC_1;Adult;adult/control brain;Endothelial cells;L001_R1;s3://sra-pub-src-8/SRR28072474/TL_20-02-2020_greymatter_sorted_3pr_v3_S14_L001_R1_001.fastq.gz.1
GSM8101593;SRR28072474;TL;sorted;9;TL_patient9_EC_1;Adult;adult/control brain;Endothelial cells;L001_R2;s3://sra-pub-src-8/SRR28072474/TL_20-02-2020_greymatter_sorted_3pr_v3_S14_L001_R2_001.fastq.gz.1
GSM8101593;SRR28072475;TL;sorted;9;TL_patient9_EC_1;Adult;adult/control brain;Endothelial cells;L002_I1;s3://sra-pub-src-8/SRR28072475/TL_20-02-2020_greymatter_sorted_3pr_v3_S14_L002_I1_001.fastq.gz.1
GSM8101593;SRR28072475;TL;sorted;9;TL_patient9_EC_1;Adult;adult/control brain;Endothelial cells;L002_R1;s3://sra-pub-src-8/SRR28072475/TL_20-02-2020_greymatter_sorted_3pr_v3_S14_L002_R1_001.fastq.gz.1
GSM8101593;SRR28072475;TL;sorted;9;TL_patient9_EC_1;Adult;adult/control brain;Endothelial cells;L002_R2;s3://sra-pub-src-8/SRR28072475/TL_20-02-2020_greymatter_sorted_3pr_v3_S14_L002_R2_001.fastq.gz.1
GSM8101593;SRR28072476;TL;sorted;9;TL_patient9_EC_1;Adult;adult/control brain;Endothelial cells;L003_I1;s3://sra-pub-src-8/SRR28072476/TL_20-02-2020_greymatter_sorted_3pr_v3_S14_L003_I1_001.fastq.gz.1
GSM8101593;SRR28072476;TL;sorted;9;TL_patient9_EC_1;Adult;adult/control brain;Endothelial cells;L003_R1;s3://sra-pub-src-8/SRR28072476/TL_20-02-2020_greymatter_sorted_3pr_v3_S14_L003_R1_001.fastq.gz.1
GSM8101593;SRR28072476;TL;sorted;9;TL_patient9_EC_1;Adult;adult/control brain;Endothelial cells;L003_R2;s3://sra-pub-src-8/SRR28072476/TL_20-02-2020_greymatter_sorted_3pr_v3_S14_L003_R2_001.fastq.gz.1
GSM8101593;SRR28072477;TL;sorted;9;TL_patient9_EC_1;Adult;adult/control brain;Endothelial cells;L004_I1;s3://sra-pub-src-8/SRR28072477/TL_20-02-2020_greymatter_sorted_3pr_v3_S14_L004_I1_001.fastq.gz.1
GSM8101593;SRR28072477;TL;sorted;9;TL_patient9_EC_1;Adult;adult/control brain;Endothelial cells;L004_R1;s3://sra-pub-src-8/SRR28072477/TL_20-02-2020_greymatter_sorted_3pr_v3_S14_L004_R1_001.fastq.gz.1
GSM8101593;SRR28072477;TL;sorted;9;TL_patient9_EC_1;Adult;adult/control brain;Endothelial cells;L004_R2;s3://sra-pub-src-8/SRR28072477/TL_20-02-2020_greymatter_sorted_3pr_v3_S14_L004_R2_001.fastq.gz.1
GSM8101594;SRR28072468;TL;sorted;9;TL_patient9_EC_2;Adult;adult/control brain;Endothelial cells;L003_I1;s3://sra-pub-src-8/SRR28072468/TL_20-02-2020_whitematter_sorted_3pr_v3_S13_L003_I1_001.fastq.gz.1
GSM8101594;SRR28072468;TL;sorted;9;TL_patient9_EC_2;Adult;adult/control brain;Endothelial cells;L003_R1;s3://sra-pub-src-8/SRR28072468/TL_20-02-2020_whitematter_sorted_3pr_v3_S13_L003_R1_001.fastq.gz.1
GSM8101594;SRR28072468;TL;sorted;9;TL_patient9_EC_2;Adult;adult/control brain;Endothelial cells;L003_R2;s3://sra-pub-src-8/SRR28072468/TL_20-02-2020_whitematter_sorted_3pr_v3_S13_L003_R2_001.fastq.gz.1
GSM8101594;SRR28072469;TL;sorted;9;TL_patient9_EC_2;Adult;adult/control brain;Endothelial cells;L004_I1;s3://sra-pub-src-8/SRR28072469/TL_20-02-2020_whitematter_sorted_3pr_v3_S13_L004_I1_001.fastq.gz.1
GSM8101594;SRR28072469;TL;sorted;9;TL_patient9_EC_2;Adult;adult/control brain;Endothelial cells;L004_R1;s3://sra-pub-src-8/SRR28072469/TL_20-02-2020_whitematter_sorted_3pr_v3_S13_L004_R1_001.fastq.gz.1
GSM8101594;SRR28072469;TL;sorted;9;TL_patient9_EC_2;Adult;adult/control brain;Endothelial cells;L004_R2;s3://sra-pub-src-8/SRR28072469/TL_20-02-2020_whitematter_sorted_3pr_v3_S13_L004_R2_001.fastq.gz.1
GSM8101594;SRR28072478;TL;sorted;9;TL_patient9_EC_2;Adult;adult/control brain;Endothelial cells;L001_I1;s3://sra-pub-src-8/SRR28072478/TL_20-02-2020_whitematter_sorted_3pr_v3_S13_L001_I1_001.fastq.gz.1
GSM8101594;SRR28072478;TL;sorted;9;TL_patient9_EC_2;Adult;adult/control brain;Endothelial cells;L001_R1;s3://sra-pub-src-8/SRR28072478/TL_20-02-2020_whitematter_sorted_3pr_v3_S13_L001_R1_001.fastq.gz.1
GSM8101594;SRR28072478;TL;sorted;9;TL_patient9_EC_2;Adult;adult/control brain;Endothelial cells;L001_R2;s3://sra-pub-src-8/SRR28072478/TL_20-02-2020_whitematter_sorted_3pr_v3_S13_L001_R2_001.fastq.gz.1
GSM8101594;SRR28072479;TL;sorted;9;TL_patient9_EC_2;Adult;adult/control brain;Endothelial cells;L002_I1;s3://sra-pub-src-8/SRR28072479/TL_20-02-2020_whitematter_sorted_3pr_v3_S13_L002_I1_001.fastq.gz.1
GSM8101594;SRR28072479;TL;sorted;9;TL_patient9_EC_2;Adult;adult/control brain;Endothelial cells;L002_R1;s3://sra-pub-src-8/SRR28072479/TL_20-02-2020_whitematter_sorted_3pr_v3_S13_L002_R1_001.fastq.gz.1
GSM8101594;SRR28072479;TL;sorted;9;TL_patient9_EC_2;Adult;adult/control brain;Endothelial cells;L002_R2;s3://sra-pub-src-8/SRR28072479/TL_20-02-2020_whitematter_sorted_3pr_v3_S13_L002_R2_001.fastq.gz.1
GSM8101572;SRR17720211;TL;unsorted;6;TL_patient10_all cells;Adult;brain;Perivascular and other tissue derived cells;L001_I1;s3://sra-pub-src-16/SRR17720211/TLE_White-matter_Unsorted_3pr_v3_S17_L001_I1_001.fastq.gz.1
GSM8101572;SRR17720211;TL;unsorted;6;TL_patient10_all cells;Adult;brain;Perivascular and other tissue derived cells;L001_R1;s3://sra-pub-src-3/SRR17720211/TLE_White-matter_Unsorted_3pr_v3_S17_L001_R1_001.fastq.gz.1
GSM8101572;SRR17720211;TL;unsorted;6;TL_patient10_all cells;Adult;brain;Perivascular and other tissue derived cells;L001_R2;s3://sra-pub-src-15/SRR17720211/TLE_White-matter_Unsorted_3pr_v3_S17_L001_R2_001.fastq.gz.1
GSM8101572;SRR17720211;TL;unsorted;6;TL_patient10_all cells;Adult;brain;Perivascular and other tissue derived cells;L002_I1;s3://sra-pub-src-3/SRR17720211/TLE_White-matter_Unsorted_3pr_v3_S17_L002_I1_001.fastq.gz.1
GSM8101572;SRR17720211;TL;unsorted;6;TL_patient10_all cells;Adult;brain;Perivascular and other tissue derived cells;L002_R1;s3://sra-pub-src-3/SRR17720211/TLE_White-matter_Unsorted_3pr_v3_S17_L002_R1_001.fastq.gz.1
GSM8101572;SRR17720211;TL;unsorted;6;TL_patient10_all cells;Adult;brain;Perivascular and other tissue derived cells;L002_R2;s3://sra-pub-src-3/SRR17720211/TLE_White-matter_Unsorted_3pr_v3_S17_L002_R2_001.fastq.gz.1
GSM8101572;SRR17720211;TL;unsorted;6;TL_patient10_all cells;Adult;brain;Perivascular and other tissue derived cells;L003_I1;s3://sra-pub-src-16/SRR17720211/TLE_White-matter_Unsorted_3pr_v3_S17_L003_I1_001.fastq.gz.1
GSM8101572;SRR17720211;TL;unsorted;6;TL_patient10_all cells;Adult;brain;Perivascular and other tissue derived cells;L003_R1;s3://sra-pub-src-3/SRR17720211/TLE_White-matter_Unsorted_3pr_v3_S17_L003_R1_001.fastq.gz.1
GSM8101572;SRR17720211;TL;unsorted;6;TL_patient10_all cells;Adult;brain;Perivascular and other tissue derived cells;L003_R2;s3://sra-pub-src-15/SRR17720211/TLE_White-matter_Unsorted_3pr_v3_S17_L003_R2_001.fastq.gz.1
GSM8101572;SRR17720211;TL;unsorted;6;TL_patient10_all cells;Adult;brain;Perivascular and other tissue derived cells;L004_I1;s3://sra-pub-src-16/SRR17720211/TLE_White-matter_Unsorted_3pr_v3_S17_L004_I1_001.fastq.gz.1
GSM8101572;SRR17720211;TL;unsorted;6;TL_patient10_all cells;Adult;brain;Perivascular and other tissue derived cells;L004_R1;s3://sra-pub-src-3/SRR17720211/TLE_White-matter_Unsorted_3pr_v3_S17_L004_R1_001.fastq.gz.1
GSM8101572;SRR17720211;TL;unsorted;6;TL_patient10_all cells;Adult;brain;Perivascular and other tissue derived cells;L004_R2;s3://sra-pub-src-15/SRR17720211/TLE_White-matter_Unsorted_3pr_v3_S17_L004_R2_001.fastq.gz.1
GSM8101600;SRR28072435;TL;unsorted;6;TL_patient10_all cells_1;Adult;adult/control brain;Endothelial, perivascular and other tissue derived cells;L001_I1;s3://sra-pub-src-8/SRR28072435/TL_24-02-2020_greymatter_unsorted_3pr_v3_S19_L001_I1_001.fastq.gz.1
GSM8101600;SRR28072435;TL;unsorted;6;TL_patient10_all cells_1;Adult;adult/control brain;Endothelial, perivascular and other tissue derived cells;L001_R1;s3://sra-pub-src-8/SRR28072435/TL_24-02-2020_greymatter_unsorted_3pr_v3_S19_L001_R1_001.fastq.gz.1
GSM8101600;SRR28072435;TL;unsorted;6;TL_patient10_all cells_1;Adult;adult/control brain;Endothelial, perivascular and other tissue derived cells;L001_R2;s3://sra-pub-src-8/SRR28072435/TL_24-02-2020_greymatter_unsorted_3pr_v3_S19_L001_R2_001.fastq.gz.1
GSM8101600;SRR28072436;TL;unsorted;6;TL_patient10_all cells_1;Adult;adult/control brain;Endothelial, perivascular and other tissue derived cells;L002_I1;s3://sra-pub-src-8/SRR28072436/TL_24-02-2020_greymatter_unsorted_3pr_v3_S19_L002_I1_001.fastq.gz.1
GSM8101600;SRR28072436;TL;unsorted;6;TL_patient10_all cells_1;Adult;adult/control brain;Endothelial, perivascular and other tissue derived cells;L002_R1;s3://sra-pub-src-8/SRR28072436/TL_24-02-2020_greymatter_unsorted_3pr_v3_S19_L002_R1_001.fastq.gz.1
GSM8101600;SRR28072436;TL;unsorted;6;TL_patient10_all cells_1;Adult;adult/control brain;Endothelial, perivascular and other tissue derived cells;L002_R2;s3://sra-pub-src-8/SRR28072436/TL_24-02-2020_greymatter_unsorted_3pr_v3_S19_L002_R2_001.fastq.gz.1
GSM8101600;SRR28072437;TL;unsorted;6;TL_patient10_all cells_1;Adult;adult/control brain;Endothelial, perivascular and other tissue derived cells;L003_I1;s3://sra-pub-src-8/SRR28072437/TL_24-02-2020_greymatter_unsorted_3pr_v3_S19_L003_I1_001.fastq.gz.1
GSM8101600;SRR28072437;TL;unsorted;6;TL_patient10_all cells_1;Adult;adult/control brain;Endothelial, perivascular and other tissue derived cells;L003_R1;s3://sra-pub-src-8/SRR28072437/TL_24-02-2020_greymatter_unsorted_3pr_v3_S19_L003_R1_001.fastq.gz.1
GSM8101600;SRR28072437;TL;unsorted;6;TL_patient10_all cells_1;Adult;adult/control brain;Endothelial, perivascular and other tissue derived cells;L003_R2;s3://sra-pub-src-8/SRR28072437/TL_24-02-2020_greymatter_unsorted_3pr_v3_S19_L003_R2_001.fastq.gz.1
GSM8101600;SRR28072438;TL;unsorted;6;TL_patient10_all cells_1;Adult;adult/control brain;Endothelial, perivascular and other tissue derived cells;L004_I1;s3://sra-pub-src-8/SRR28072438/TL_24-02-2020_greymatter_unsorted_3pr_v3_S19_L004_I1_001.fastq.gz.1
GSM8101600;SRR28072438;TL;unsorted;6;TL_patient10_all cells_1;Adult;adult/control brain;Endothelial, perivascular and other tissue derived cells;L004_R1;s3://sra-pub-src-8/SRR28072438/TL_24-02-2020_greymatter_unsorted_3pr_v3_S19_L004_R1_001.fastq.gz.1
GSM8101600;SRR28072438;TL;unsorted;6;TL_patient10_all cells_1;Adult;adult/control brain;Endothelial, perivascular and other tissue derived cells;L004_R2;s3://sra-pub-src-8/SRR28072438/TL_24-02-2020_greymatter_unsorted_3pr_v3_S19_L004_R2_001.fastq.gz.1
GSM8101601;SRR28072431;TL;unsorted;6;TL_patient10_all cells_2;Adult;adult/control brain;Endothelial, perivascular and other tissue derived cells;L001_I1;s3://sra-pub-src-8/SRR28072431/TL_24-02-2020_whitematter_unsorted_3pr_v3_S18_L001_I1_001.fastq.gz.1
GSM8101601;SRR28072431;TL;unsorted;6;TL_patient10_all cells_2;Adult;adult/control brain;Endothelial, perivascular and other tissue derived cells;L001_R1;s3://sra-pub-src-8/SRR28072431/TL_24-02-2020_whitematter_unsorted_3pr_v3_S18_L001_R1_001.fastq.gz.1
GSM8101601;SRR28072431;TL;unsorted;6;TL_patient10_all cells_2;Adult;adult/control brain;Endothelial, perivascular and other tissue derived cells;L001_R2;s3://sra-pub-src-8/SRR28072431/TL_24-02-2020_whitematter_unsorted_3pr_v3_S18_L001_R2_001.fastq.gz.1
GSM8101601;SRR28072432;TL;unsorted;6;TL_patient10_all cells_2;Adult;adult/control brain;Endothelial, perivascular and other tissue derived cells;L002_I1;s3://sra-pub-src-8/SRR28072432/TL_24-02-2020_whitematter_unsorted_3pr_v3_S18_L002_I1_001.fastq.gz.1
GSM8101601;SRR28072432;TL;unsorted;6;TL_patient10_all cells_2;Adult;adult/control brain;Endothelial, perivascular and other tissue derived cells;L002_R1;s3://sra-pub-src-8/SRR28072432/TL_24-02-2020_whitematter_unsorted_3pr_v3_S18_L002_R1_001.fastq.gz.1
GSM8101601;SRR28072432;TL;unsorted;6;TL_patient10_all cells_2;Adult;adult/control brain;Endothelial, perivascular and other tissue derived cells;L002_R2;s3://sra-pub-src-8/SRR28072432/TL_24-02-2020_whitematter_unsorted_3pr_v3_S18_L002_R2_001.fastq.gz.1
GSM8101601;SRR28072433;TL;unsorted;6;TL_patient10_all cells_2;Adult;adult/control brain;Endothelial, perivascular and other tissue derived cells;L003_I1;s3://sra-pub-src-8/SRR28072433/TL_24-02-2020_whitematter_unsorted_3pr_v3_S18_L003_I1_001.fastq.gz.1
GSM8101601;SRR28072433;TL;unsorted;6;TL_patient10_all cells_2;Adult;adult/control brain;Endothelial, perivascular and other tissue derived cells;L003_R1;s3://sra-pub-src-8/SRR28072433/TL_24-02-2020_whitematter_unsorted_3pr_v3_S18_L003_R1_001.fastq.gz.1
GSM8101601;SRR28072433;TL;unsorted;6;TL_patient10_all cells_2;Adult;adult/control brain;Endothelial, perivascular and other tissue derived cells;L003_R2;s3://sra-pub-src-8/SRR28072433/TL_24-02-2020_whitematter_unsorted_3pr_v3_S18_L003_R2_001.fastq.gz.1
GSM8101601;SRR28072434;TL;unsorted;6;TL_patient10_all cells_2;Adult;adult/control brain;Endothelial, perivascular and other tissue derived cells;L004_I1;s3://sra-pub-src-8/SRR28072434/TL_24-02-2020_whitematter_unsorted_3pr_v3_S18_L004_I1_001.fastq.gz.1
GSM8101601;SRR28072434;TL;unsorted;6;TL_patient10_all cells_2;Adult;adult/control brain;Endothelial, perivascular and other tissue derived cells;L004_R1;s3://sra-pub-src-8/SRR28072434/TL_24-02-2020_whitematter_unsorted_3pr_v3_S18_L004_R1_001.fastq.gz.1
GSM8101601;SRR28072434;TL;unsorted;6;TL_patient10_all cells_2;Adult;adult/control brain;Endothelial, perivascular and other tissue derived cells;L004_R2;s3://sra-pub-src-8/SRR28072434/TL_24-02-2020_whitematter_unsorted_3pr_v3_S18_L004_R2_001.fastq.gz.1
GSM8101569;SRR17720216;TL;unsorted;6;TL_patient5_all cells;Adult;brain;Perivascular and other tissue derived cells;L001_I1;s3://sra-pub-src-16/SRR17720216/TL_10-10-2019_unsorted_S10_L001_I1_001.fastq.gz.1
GSM8101569;SRR17720216;TL;unsorted;6;TL_patient5_all cells;Adult;brain;Perivascular and other tissue derived cells;L001_R1;s3://sra-pub-src-16/SRR17720216/TL_10-10-2019_unsorted_S10_L001_R1_001.fastq.gz.1
GSM8101569;SRR17720216;TL;unsorted;6;TL_patient5_all cells;Adult;brain;Perivascular and other tissue derived cells;L001_R2;s3://sra-pub-src-16/SRR17720216/TL_10-10-2019_unsorted_S10_L001_R2_001.fastq.gz.1
GSM8101569;SRR17720216;TL;unsorted;6;TL_patient5_all cells;Adult;brain;Perivascular and other tissue derived cells;L002_I1;s3://sra-pub-src-16/SRR17720216/TL_10-10-2019_unsorted_S10_L002_I1_001.fastq.gz.1
GSM8101569;SRR17720216;TL;unsorted;6;TL_patient5_all cells;Adult;brain;Perivascular and other tissue derived cells;L002_R1;s3://sra-pub-src-16/SRR17720216/TL_10-10-2019_unsorted_S10_L002_R1_001.fastq.gz.1
GSM8101569;SRR17720216;TL;unsorted;6;TL_patient5_all cells;Adult;brain;Perivascular and other tissue derived cells;L002_R2;s3://sra-pub-src-3/SRR17720216/TL_10-10-2019_unsorted_S10_L002_R2_001.fastq.gz.1
GSM8101571;SRR17720214;TL;unsorted;6;TL_patient7_all cells;Adult;brain;Perivascular and other tissue derived cells;L001_I1;s3://sra-pub-src-11/SRR17720214/Combined_White_GreyPia_WhiteGreyPia_03-11-2020_Unsorted_3pr_v3_S43_L001_I1_001.fastq.gz.1
GSM8101571;SRR17720214;TL;unsorted;6;TL_patient7_all cells;Adult;brain;Perivascular and other tissue derived cells;L001_R1;s3://sra-pub-src-11/SRR17720214/Combined_White_GreyPia_WhiteGreyPia_03-11-2020_Unsorted_3pr_v3_S43_L001_R1_001.fastq.gz.1
GSM8101571;SRR17720214;TL;unsorted;6;TL_patient7_all cells;Adult;brain;Perivascular and other tissue derived cells;L001_R2;s3://sra-pub-src-18/SRR17720214/Combined_White_GreyPia_WhiteGreyPia_03-11-2020_Unsorted_3pr_v3_S43_L001_R2_001.fastq.gz.1
GSM8101574;SRR17720213;TL;unsorted;6;TL_patient8_all cells;Adult;brain;Perivascular and other tissue derived cells;L001_I1;s3://sra-pub-src-4/SRR17720213/TLE_Grey-White-Interface_Unsorted_3pr_v3_S19_L001_I1_001.fastq.gz.1
GSM8101574;SRR17720213;TL;unsorted;6;TL_patient8_all cells;Adult;brain;Perivascular and other tissue derived cells;L001_R1;s3://sra-pub-src-5/SRR17720213/TLE_Grey-White-Interface_Unsorted_3pr_v3_S19_L001_R1_001.fastq.gz.1
GSM8101574;SRR17720213;TL;unsorted;6;TL_patient8_all cells;Adult;brain;Perivascular and other tissue derived cells;L001_R2;s3://sra-pub-src-5/SRR17720213/TLE_Grey-White-Interface_Unsorted_3pr_v3_S19_L001_R2_001.fastq.gz.1
GSM8101574;SRR17720213;TL;unsorted;6;TL_patient8_all cells;Adult;brain;Perivascular and other tissue derived cells;L002_I1;s3://sra-pub-src-4/SRR17720213/TLE_Grey-White-Interface_Unsorted_3pr_v3_S19_L002_I1_001.fastq.gz.1
GSM8101574;SRR17720213;TL;unsorted;6;TL_patient8_all cells;Adult;brain;Perivascular and other tissue derived cells;L002_R1;s3://sra-pub-src-5/SRR17720213/TLE_Grey-White-Interface_Unsorted_3pr_v3_S19_L002_R1_001.fastq.gz.1
GSM8101574;SRR17720213;TL;unsorted;6;TL_patient8_all cells;Adult;brain;Perivascular and other tissue derived cells;L002_R2;s3://sra-pub-src-5/SRR17720213/TLE_Grey-White-Interface_Unsorted_3pr_v3_S19_L002_R2_001.fastq.gz.1
GSM8101574;SRR17720213;TL;unsorted;6;TL_patient8_all cells;Adult;brain;Perivascular and other tissue derived cells;L003_I1;s3://sra-pub-src-4/SRR17720213/TLE_Grey-White-Interface_Unsorted_3pr_v3_S19_L003_I1_001.fastq.gz.1
GSM8101574;SRR17720213;TL;unsorted;6;TL_patient8_all cells;Adult;brain;Perivascular and other tissue derived cells;L003_R1;s3://sra-pub-src-5/SRR17720213/TLE_Grey-White-Interface_Unsorted_3pr_v3_S19_L003_R1_001.fastq.gz.1
GSM8101574;SRR17720213;TL;unsorted;6;TL_patient8_all cells;Adult;brain;Perivascular and other tissue derived cells;L003_R2;s3://sra-pub-src-5/SRR17720213/TLE_Grey-White-Interface_Unsorted_3pr_v3_S19_L003_R2_001.fastq.gz.1
GSM8101574;SRR17720213;TL;unsorted;6;TL_patient8_all cells;Adult;brain;Perivascular and other tissue derived cells;L004_I1;s3://sra-pub-src-4/SRR17720213/TLE_Grey-White-Interface_Unsorted_3pr_v3_S19_L004_I1_001.fastq.gz.1
GSM8101574;SRR17720213;TL;unsorted;6;TL_patient8_all cells;Adult;brain;Perivascular and other tissue derived cells;L004_R1;s3://sra-pub-src-4/SRR17720213/TLE_Grey-White-Interface_Unsorted_3pr_v3_S19_L004_R1_001.fastq.gz.1
GSM8101574;SRR17720213;TL;unsorted;6;TL_patient8_all cells;Adult;brain;Perivascular and other tissue derived cells;L004_R2;s3://sra-pub-src-5/SRR17720213/TLE_Grey-White-Interface_Unsorted_3pr_v3_S19_L004_R2_001.fastq.gz.1
GSM8101573;SRR17720212;TL;unsorted;6;TL_patient9_all cells;Adult;brain;Perivascular and other tissue derived cells;L001_I1;s3://sra-pub-src-8/SRR17720212/TLE_Grey-matter_Unsorted_3pr_v3_S18_L001_I1_001.fastq.gz.1
GSM8101573;SRR17720212;TL;unsorted;6;TL_patient9_all cells;Adult;brain;Perivascular and other tissue derived cells;L001_R1;s3://sra-pub-src-16/SRR17720212/TLE_Grey-matter_Unsorted_3pr_v3_S18_L001_R1_001.fastq.gz.1
GSM8101573;SRR17720212;TL;unsorted;6;TL_patient9_all cells;Adult;brain;Perivascular and other tissue derived cells;L001_R2;s3://sra-pub-src-3/SRR17720212/TLE_Grey-matter_Unsorted_3pr_v3_S18_L001_R2_001.fastq.gz.1
GSM8101573;SRR17720212;TL;unsorted;6;TL_patient9_all cells;Adult;brain;Perivascular and other tissue derived cells;L002_I1;s3://sra-pub-src-8/SRR17720212/TLE_Grey-matter_Unsorted_3pr_v3_S18_L002_I1_001.fastq.gz.1
GSM8101573;SRR17720212;TL;unsorted;6;TL_patient9_all cells;Adult;brain;Perivascular and other tissue derived cells;L002_R1;s3://sra-pub-src-16/SRR17720212/TLE_Grey-matter_Unsorted_3pr_v3_S18_L002_R1_001.fastq.gz.1
GSM8101573;SRR17720212;TL;unsorted;6;TL_patient9_all cells;Adult;brain;Perivascular and other tissue derived cells;L002_R2;s3://sra-pub-src-3/SRR17720212/TLE_Grey-matter_Unsorted_3pr_v3_S18_L002_R2_001.fastq.gz.1
GSM8101573;SRR17720212;TL;unsorted;6;TL_patient9_all cells;Adult;brain;Perivascular and other tissue derived cells;L003_I1;s3://sra-pub-src-8/SRR17720212/TLE_Grey-matter_Unsorted_3pr_v3_S18_L003_I1_001.fastq.gz.1
GSM8101573;SRR17720212;TL;unsorted;6;TL_patient9_all cells;Adult;brain;Perivascular and other tissue derived cells;L003_R1;s3://sra-pub-src-16/SRR17720212/TLE_Grey-matter_Unsorted_3pr_v3_S18_L003_R1_001.fastq.gz.1
GSM8101573;SRR17720212;TL;unsorted;6;TL_patient9_all cells;Adult;brain;Perivascular and other tissue derived cells;L003_R2;s3://sra-pub-src-16/SRR17720212/TLE_Grey-matter_Unsorted_3pr_v3_S18_L003_R2_001.fastq.gz.1
GSM8101573;SRR17720212;TL;unsorted;6;TL_patient9_all cells;Adult;brain;Perivascular and other tissue derived cells;L004_I1;s3://sra-pub-src-8/SRR17720212/TLE_Grey-matter_Unsorted_3pr_v3_S18_L004_I1_001.fastq.gz.1
GSM8101573;SRR17720212;TL;unsorted;6;TL_patient9_all cells;Adult;brain;Perivascular and other tissue derived cells;L004_R1;s3://sra-pub-src-16/SRR17720212/TLE_Grey-matter_Unsorted_3pr_v3_S18_L004_R1_001.fastq.gz.1
GSM8101573;SRR17720212;TL;unsorted;6;TL_patient9_all cells;Adult;brain;Perivascular and other tissue derived cells;L004_R2;s3://sra-pub-src-16/SRR17720212/TLE_Grey-matter_Unsorted_3pr_v3_S18_L004_R2_001.fastq.gz.1
GSM8101595;SRR28072470;TL;unsorted;6;TL_patient9_all cells_1;Adult;adult/control brain;Endothelial, perivascular and other tissue derived cells;L001_I1;s3://sra-pub-src-8/SRR28072470/TL_20-02-2020_greymatter_unsorted_3pr_v3_S12_L001_I1_001.fastq.gz.1
GSM8101595;SRR28072470;TL;unsorted;6;TL_patient9_all cells_1;Adult;adult/control brain;Endothelial, perivascular and other tissue derived cells;L001_R1;s3://sra-pub-src-8/SRR28072470/TL_20-02-2020_greymatter_unsorted_3pr_v3_S12_L001_R1_001.fastq.gz.1
GSM8101595;SRR28072470;TL;unsorted;6;TL_patient9_all cells_1;Adult;adult/control brain;Endothelial, perivascular and other tissue derived cells;L001_R2;s3://sra-pub-src-8/SRR28072470/TL_20-02-2020_greymatter_unsorted_3pr_v3_S12_L001_R2_001.fastq.gz.1
GSM8101595;SRR28072471;TL;unsorted;6;TL_patient9_all cells_1;Adult;adult/control brain;Endothelial, perivascular and other tissue derived cells;L002_I1;s3://sra-pub-src-8/SRR28072471/TL_20-02-2020_greymatter_unsorted_3pr_v3_S12_L002_I1_001.fastq.gz.1
GSM8101595;SRR28072471;TL;unsorted;6;TL_patient9_all cells_1;Adult;adult/control brain;Endothelial, perivascular and other tissue derived cells;L002_R1;s3://sra-pub-src-8/SRR28072471/TL_20-02-2020_greymatter_unsorted_3pr_v3_S12_L002_R1_001.fastq.gz.1
GSM8101595;SRR28072471;TL;unsorted;6;TL_patient9_all cells_1;Adult;adult/control brain;Endothelial, perivascular and other tissue derived cells;L002_R2;s3://sra-pub-src-8/SRR28072471/TL_20-02-2020_greymatter_unsorted_3pr_v3_S12_L002_R2_001.fastq.gz.1
GSM8101595;SRR28072472;TL;unsorted;6;TL_patient9_all cells_1;Adult;adult/control brain;Endothelial, perivascular and other tissue derived cells;L003_I1;s3://sra-pub-src-8/SRR28072472/TL_20-02-2020_greymatter_unsorted_3pr_v3_S12_L003_I1_001.fastq.gz.1
GSM8101595;SRR28072472;TL;unsorted;6;TL_patient9_all cells_1;Adult;adult/control brain;Endothelial, perivascular and other tissue derived cells;L003_R1;s3://sra-pub-src-8/SRR28072472/TL_20-02-2020_greymatter_unsorted_3pr_v3_S12_L003_R1_001.fastq.gz.1
GSM8101595;SRR28072472;TL;unsorted;6;TL_patient9_all cells_1;Adult;adult/control brain;Endothelial, perivascular and other tissue derived cells;L003_R2;s3://sra-pub-src-8/SRR28072472/TL_20-02-2020_greymatter_unsorted_3pr_v3_S12_L003_R2_001.fastq.gz.1
GSM8101595;SRR28072473;TL;unsorted;6;TL_patient9_all cells_1;Adult;adult/control brain;Endothelial, perivascular and other tissue derived cells;L004_I1;s3://sra-pub-src-8/SRR28072473/TL_20-02-2020_greymatter_unsorted_3pr_v3_S12_L004_I1_001.fastq.gz.1
GSM8101595;SRR28072473;TL;unsorted;6;TL_patient9_all cells_1;Adult;adult/control brain;Endothelial, perivascular and other tissue derived cells;L004_R1;s3://sra-pub-src-8/SRR28072473/TL_20-02-2020_greymatter_unsorted_3pr_v3_S12_L004_R1_001.fastq.gz.1
GSM8101595;SRR28072473;TL;unsorted;6;TL_patient9_all cells_1;Adult;adult/control brain;Endothelial, perivascular and other tissue derived cells;L004_R2;s3://sra-pub-src-8/SRR28072473/TL_20-02-2020_greymatter_unsorted_3pr_v3_S12_L004_R2_001.fastq.gz.1
GSM8101596;SRR28072463;TL;unsorted;6;TL_patient9_all cells_2;Adult;adult/control brain;Endothelial, perivascular and other tissue derived cells;L001_I1;s3://sra-pub-src-8/SRR28072463/TL_20-02-2020_whitematter_unsorted_3pr_v3_S11_L001_I1_001.fastq.gz.1
GSM8101596;SRR28072463;TL;unsorted;6;TL_patient9_all cells_2;Adult;adult/control brain;Endothelial, perivascular and other tissue derived cells;L001_R1;s3://sra-pub-src-8/SRR28072463/TL_20-02-2020_whitematter_unsorted_3pr_v3_S11_L001_R1_001.fastq.gz.1
GSM8101596;SRR28072463;TL;unsorted;6;TL_patient9_all cells_2;Adult;adult/control brain;Endothelial, perivascular and other tissue derived cells;L001_R2;s3://sra-pub-src-8/SRR28072463/TL_20-02-2020_whitematter_unsorted_3pr_v3_S11_L001_R2_001.fastq.gz.1
GSM8101596;SRR28072464;TL;unsorted;6;TL_patient9_all cells_2;Adult;adult/control brain;Endothelial, perivascular and other tissue derived cells;L002_I1;s3://sra-pub-src-8/SRR28072464/TL_20-02-2020_whitematter_unsorted_3pr_v3_S11_L002_I1_001.fastq.gz.1
GSM8101596;SRR28072464;TL;unsorted;6;TL_patient9_all cells_2;Adult;adult/control brain;Endothelial, perivascular and other tissue derived cells;L002_R1;s3://sra-pub-src-8/SRR28072464/TL_20-02-2020_whitematter_unsorted_3pr_v3_S11_L002_R1_001.fastq.gz.1
GSM8101596;SRR28072464;TL;unsorted;6;TL_patient9_all cells_2;Adult;adult/control brain;Endothelial, perivascular and other tissue derived cells;L002_R2;s3://sra-pub-src-8/SRR28072464/TL_20-02-2020_whitematter_unsorted_3pr_v3_S11_L002_R2_001.fastq.gz.1
GSM8101596;SRR28072465;TL;unsorted;6;TL_patient9_all cells_2;Adult;adult/control brain;Endothelial, perivascular and other tissue derived cells;L003_I1;s3://sra-pub-src-8/SRR28072465/TL_20-02-2020_whitematter_unsorted_3pr_v3_S11_L003_I1_001.fastq.gz.1
GSM8101596;SRR28072465;TL;unsorted;6;TL_patient9_all cells_2;Adult;adult/control brain;Endothelial, perivascular and other tissue derived cells;L003_R1;s3://sra-pub-src-8/SRR28072465/TL_20-02-2020_whitematter_unsorted_3pr_v3_S11_L003_R1_001.fastq.gz.1
GSM8101596;SRR28072465;TL;unsorted;6;TL_patient9_all cells_2;Adult;adult/control brain;Endothelial, perivascular and other tissue derived cells;L003_R2;s3://sra-pub-src-8/SRR28072465/TL_20-02-2020_whitematter_unsorted_3pr_v3_S11_L003_R2_001.fastq.gz.1
GSM8101596;SRR28072466;TL;unsorted;6;TL_patient9_all cells_2;Adult;adult/control brain;Endothelial, perivascular and other tissue derived cells;L004_I1;s3://sra-pub-src-8/SRR28072466/TL_20-02-2020_whitematter_unsorted_3pr_v3_S11_L004_I1_001.fastq.gz.1
GSM8101596;SRR28072466;TL;unsorted;6;TL_patient9_all cells_2;Adult;adult/control brain;Endothelial, perivascular and other tissue derived cells;L004_R1;s3://sra-pub-src-8/SRR28072466/TL_20-02-2020_whitematter_unsorted_3pr_v3_S11_L004_R1_001.fastq.gz.1
GSM8101596;SRR28072466;TL;unsorted;6;TL_patient9_all cells_2;Adult;adult/control brain;Endothelial, perivascular and other tissue derived cells;L004_R2;s3://sra-pub-src-8/SRR28072466/TL_20-02-2020_whitematter_unsorted_3pr_v3_S11_L004_R2_001.fastq.gz.1
GSM8101609;SRR28072415;TL;bulkRNA;3;TL_patient1_EC_bulkRNA-seq;Adult;adult/control brain;Endothelial cells;Merged/Unknown;s3://sra-pub-src-8/SRR28072415/20190328.B-Epilepsy_bulk_26112018_R1.fastq.gz.1
GSM8101610;SRR28072414;TL;bulkRNA;3;TL_patient2_EC_bulkRNA-seq;Adult;adult/control brain;Endothelial cells;Merged/Unknown;s3://sra-pub-src-8/SRR28072414/20190328.B-Epilepsy_bulk_13122018_R1.fastq.gz.1
GSM8101611;SRR28072413;TL;bulkRNA;3;TL_patient3_EC_bulkRNA-seq;Adult;adult/control brain;Endothelial cells;Merged/Unknown;s3://sra-pub-src-8/SRR28072413/20210121.A-TLE_EC_13-05-19_R1.fastq.gz.1
GSM8101545;SRR17720159;LGG;sorted;6;LGG_patient1_EC;Adult;brain;Endothelial cells;L001_I1;s3://sra-pub-src-5/SRR17720159/Oligodendroglioma_31082018_S3_L001_I1_001.fastq.gz.1
GSM8101545;SRR17720159;LGG;sorted;6;LGG_patient1_EC;Adult;brain;Endothelial cells;L001_R1;s3://sra-pub-src-18/SRR17720159/Oligodendroglioma_31082018_S3_L001_R1_001.fastq.gz.1
GSM8101545;SRR17720159;LGG;sorted;6;LGG_patient1_EC;Adult;brain;Endothelial cells;L001_R2;s3://sra-pub-src-6/SRR17720159/Oligodendroglioma_31082018_S3_L001_R2_001.fastq.gz.1
GSM8101545;SRR17720159;LGG;sorted;6;LGG_patient1_EC;Adult;brain;Endothelial cells;L002_I1;s3://sra-pub-src-5/SRR17720159/Oligodendroglioma_31082018_S3_L002_I1_001.fastq.gz.1
GSM8101545;SRR17720159;LGG;sorted;6;LGG_patient1_EC;Adult;brain;Endothelial cells;L002_R1;s3://sra-pub-src-18/SRR17720159/Oligodendroglioma_31082018_S3_L002_R1_001.fastq.gz.1
GSM8101545;SRR17720159;LGG;sorted;6;LGG_patient1_EC;Adult;brain;Endothelial cells;L002_R2;s3://sra-pub-src-6/SRR17720159/Oligodendroglioma_31082018_S3_L002_R2_001.fastq.gz.1
GSM8101545;SRR17720159;LGG;sorted;6;LGG_patient1_EC;Adult;brain;Endothelial cells;L003_I1;s3://sra-pub-src-18/SRR17720159/Oligodendroglioma_31082018_S3_L003_I1_001.fastq.gz.1
GSM8101545;SRR17720159;LGG;sorted;6;LGG_patient1_EC;Adult;brain;Endothelial cells;L003_R1;s3://sra-pub-src-18/SRR17720159/Oligodendroglioma_31082018_S3_L003_R1_001.fastq.gz.1
GSM8101545;SRR17720159;LGG;sorted;6;LGG_patient1_EC;Adult;brain;Endothelial cells;L003_R2;s3://sra-pub-src-18/SRR17720159/Oligodendroglioma_31082018_S3_L003_R2_001.fastq.gz.1
GSM8101545;SRR17720159;LGG;sorted;6;LGG_patient1_EC;Adult;brain;Endothelial cells;L004_I1;s3://sra-pub-src-5/SRR17720159/Oligodendroglioma_31082018_S3_L004_I1_001.fastq.gz.1
GSM8101545;SRR17720159;LGG;sorted;6;LGG_patient1_EC;Adult;brain;Endothelial cells;L004_R1;s3://sra-pub-src-18/SRR17720159/Oligodendroglioma_31082018_S3_L004_R1_001.fastq.gz.1
GSM8101545;SRR17720159;LGG;sorted;6;LGG_patient1_EC;Adult;brain;Endothelial cells;L004_R2;s3://sra-pub-src-6/SRR17720159/Oligodendroglioma_31082018_S3_L004_R2_001.fastq.gz.1
GSM8101546;SRR17720157;LGG;sorted;6;LGG_patient2_EC;Adult;brain;Endothelial cells;L001_I1;s3://sra-pub-src-11/SRR17720157/GBM_EC_20190725_S12_L001_I1_001.fastq.gz.1
GSM8101546;SRR17720157;LGG;sorted;6;LGG_patient2_EC;Adult;brain;Endothelial cells;L001_R1;s3://sra-pub-src-7/SRR17720157/GBM_EC_20190725_S12_L001_R1_001.fastq.gz.1
GSM8101546;SRR17720157;LGG;sorted;6;LGG_patient2_EC;Adult;brain;Endothelial cells;L001_R2;s3://sra-pub-src-7/SRR17720157/GBM_EC_20190725_S12_L001_R2_001.fastq.gz.1
GSM8101546;SRR17720157;LGG;sorted;6;LGG_patient2_EC;Adult;brain;Endothelial cells;L002_I1;s3://sra-pub-src-7/SRR17720157/GBM_EC_20190725_S12_L002_I1_001.fastq.gz.1
GSM8101546;SRR17720157;LGG;sorted;6;LGG_patient2_EC;Adult;brain;Endothelial cells;L002_R1;s3://sra-pub-src-7/SRR17720157/GBM_EC_20190725_S12_L002_R1_001.fastq.gz.1
GSM8101546;SRR17720157;LGG;sorted;6;LGG_patient2_EC;Adult;brain;Endothelial cells;L002_R2;s3://sra-pub-src-7/SRR17720157/GBM_EC_20190725_S12_L002_R2_001.fastq.gz.1
GSM8101547;SRR17720156;LGG;sorted;6;LGG_patient3_EC;Adult;brain;Endothelial cells;L001_I1;s3://sra-pub-src-12/SRR17720156/LowGradeGlioma_04-03-2020_sorted_3pr_v3_S4_L001_I1_001.fastq.gz.1
GSM8101547;SRR17720156;LGG;sorted;6;LGG_patient3_EC;Adult;brain;Endothelial cells;L001_R1;s3://sra-pub-src-12/SRR17720156/LowGradeGlioma_04-03-2020_sorted_3pr_v3_S4_L001_R1_001.fastq.gz.1
GSM8101547;SRR17720156;LGG;sorted;6;LGG_patient3_EC;Adult;brain;Endothelial cells;L001_R2;s3://sra-pub-src-12/SRR17720156/LowGradeGlioma_04-03-2020_sorted_3pr_v3_S4_L001_R2_001.fastq.gz.1
GSM8101603;SRR28072462;LGG;sorted;6;LGG_patient5_EC;Adult;lower grade glioma;Endothelial cells;L001_I1;s3://sra-pub-src-14/SRR28072462/LGG_27-10-20__sorted_3pr_v3_S39_L001_I1_001.fastq.gz.1
GSM8101603;SRR28072462;LGG;sorted;6;LGG_patient5_EC;Adult;lower grade glioma;Endothelial cells;L001_R1;s3://sra-pub-src-14/SRR28072462/LGG_27-10-20__sorted_3pr_v3_S39_L001_R1_001.fastq.gz.1
GSM8101603;SRR28072462;LGG;sorted;6;LGG_patient5_EC;Adult;lower grade glioma;Endothelial cells;L001_R2;s3://sra-pub-src-14/SRR28072462/LGG_27-10-20__sorted_3pr_v3_S39_L001_R2_001.fastq.gz.1
GSM8101602;SRR28072458;LGG;sorted;6;LGG_patient6_EC;Adult;lower grade glioma;Endothelial cells;L001_I1;s3://sra-pub-src-8/SRR28072458/LGG_Sorted_3pr_v3_1_S5_L001_I1_001.fastq.gz.1
GSM8101602;SRR28072458;LGG;sorted;6;LGG_patient6_EC;Adult;lower grade glioma;Endothelial cells;L001_I2;s3://sra-pub-src-8/SRR28072458/LGG_Sorted_3pr_v3_1_S5_L001_I2_001.fastq.gz.1
GSM8101602;SRR28072458;LGG;sorted;6;LGG_patient6_EC;Adult;lower grade glioma;Endothelial cells;L001_R1;s3://sra-pub-src-8/SRR28072458/LGG_Sorted_3pr_v3_1_S5_L001_R1_001.fastq.gz.1
GSM8101602;SRR28072458;LGG;sorted;6;LGG_patient6_EC;Adult;lower grade glioma;Endothelial cells;L001_R2;s3://sra-pub-src-8/SRR28072458/LGG_Sorted_3pr_v3_1_S5_L001_R2_001.fastq.gz.1
GSM8101602;SRR28072459;LGG;sorted;6;LGG_patient6_EC;Adult;lower grade glioma;Endothelial cells;L002_I1;s3://sra-pub-src-8/SRR28072459/LGG_Sorted_3pr_v3_1_S5_L002_I1_001.fastq.gz.1
GSM8101602;SRR28072459;LGG;sorted;6;LGG_patient6_EC;Adult;lower grade glioma;Endothelial cells;L002_I2;s3://sra-pub-src-8/SRR28072459/LGG_Sorted_3pr_v3_1_S5_L002_I2_001.fastq.gz.1
GSM8101602;SRR28072459;LGG;sorted;6;LGG_patient6_EC;Adult;lower grade glioma;Endothelial cells;L002_R1;s3://sra-pub-src-8/SRR28072459/LGG_Sorted_3pr_v3_1_S5_L002_R1_001.fastq.gz.1
GSM8101602;SRR28072459;LGG;sorted;6;LGG_patient6_EC;Adult;lower grade glioma;Endothelial cells;L002_R2;s3://sra-pub-src-8/SRR28072459/LGG_Sorted_3pr_v3_1_S5_L002_R2_001.fastq.gz.1
GSM8101602;SRR28072460;LGG;sorted;6;LGG_patient6_EC;Adult;lower grade glioma;Endothelial cells;L003_I1;s3://sra-pub-src-8/SRR28072460/LGG_Sorted_3pr_v3_1_S5_L003_I1_001.fastq.gz.1
GSM8101602;SRR28072460;LGG;sorted;6;LGG_patient6_EC;Adult;lower grade glioma;Endothelial cells;L003_I2;s3://sra-pub-src-8/SRR28072460/LGG_Sorted_3pr_v3_1_S5_L003_I2_001.fastq.gz.1
GSM8101602;SRR28072460;LGG;sorted;6;LGG_patient6_EC;Adult;lower grade glioma;Endothelial cells;L003_R1;s3://sra-pub-src-8/SRR28072460/LGG_Sorted_3pr_v3_1_S5_L003_R1_001.fastq.gz.1
GSM8101602;SRR28072460;LGG;sorted;6;LGG_patient6_EC;Adult;lower grade glioma;Endothelial cells;L003_R2;s3://sra-pub-src-8/SRR28072460/LGG_Sorted_3pr_v3_1_S5_L003_R2_001.fastq.gz.1
GSM8101602;SRR28072461;LGG;sorted;6;LGG_patient6_EC;Adult;lower grade glioma;Endothelial cells;L004_I1;s3://sra-pub-src-8/SRR28072461/LGG_Sorted_3pr_v3_1_S5_L004_I1_001.fastq.gz.1
GSM8101602;SRR28072461;LGG;sorted;6;LGG_patient6_EC;Adult;lower grade glioma;Endothelial cells;L004_I2;s3://sra-pub-src-8/SRR28072461/LGG_Sorted_3pr_v3_1_S5_L004_I2_001.fastq.gz.1
GSM8101602;SRR28072461;LGG;sorted;6;LGG_patient6_EC;Adult;lower grade glioma;Endothelial cells;L004_R1;s3://sra-pub-src-8/SRR28072461/LGG_Sorted_3pr_v3_1_S5_L004_R1_001.fastq.gz.1
GSM8101602;SRR28072461;LGG;sorted;6;LGG_patient6_EC;Adult;lower grade glioma;Endothelial cells;L004_R2;s3://sra-pub-src-8/SRR28072461/LGG_Sorted_3pr_v3_1_S5_L004_R2_001.fastq.gz.1
GSM8101578;SRR17720202;LGG;unsorted;4;LGG_patient3_all cells;Adult;brain;Perivascular and other tissue derived cells;L001_I1;s3://sra-pub-src-10/SRR17720202/LowGradeGlioma_04-03-2020_unsorted_3pr_v3_S3_L001_I1_001.fastq.gz.1
GSM8101578;SRR17720202;LGG;unsorted;4;LGG_patient3_all cells;Adult;brain;Perivascular and other tissue derived cells;L001_R1;s3://sra-pub-src-10/SRR17720202/LowGradeGlioma_04-03-2020_unsorted_3pr_v3_S3_L001_R1_001.fastq.gz.1
GSM8101578;SRR17720202;LGG;unsorted;4;LGG_patient3_all cells;Adult;brain;Perivascular and other tissue derived cells;L001_R2;s3://sra-pub-src-10/SRR17720202/LowGradeGlioma_04-03-2020_unsorted_3pr_v3_S3_L001_R2_001.fastq.gz.1
GSM8101579;SRR17720201;LGG;unsorted;4;LGG_patient4_all cells;Adult;brain;Perivascular and other tissue derived cells;L001_I1;s3://sra-pub-src-5/SRR17720201/LowGradeGlioma_06-10-2020_unsorted_3pr_v3_S8_L001_I1_001.fastq.gz.1
GSM8101579;SRR17720201;LGG;unsorted;4;LGG_patient4_all cells;Adult;brain;Perivascular and other tissue derived cells;L001_R1;s3://sra-pub-src-18/SRR17720201/LowGradeGlioma_06-10-2020_unsorted_3pr_v3_S8_L001_R1_001.fastq.gz.1
GSM8101579;SRR17720201;LGG;unsorted;4;LGG_patient4_all cells;Adult;brain;Perivascular and other tissue derived cells;L001_R2;s3://sra-pub-src-18/SRR17720201/LowGradeGlioma_06-10-2020_unsorted_3pr_v3_S8_L001_R2_001.fastq.gz.1
GSM8101579;SRR17720201;LGG;unsorted;4;LGG_patient4_all cells;Adult;brain;Perivascular and other tissue derived cells;L002_I1;s3://sra-pub-src-5/SRR17720201/LowGradeGlioma_06-10-2020_unsorted_3pr_v3_S8_L002_I1_001.fastq.gz.1
GSM8101579;SRR17720201;LGG;unsorted;4;LGG_patient4_all cells;Adult;brain;Perivascular and other tissue derived cells;L002_R1;s3://sra-pub-src-18/SRR17720201/LowGradeGlioma_06-10-2020_unsorted_3pr_v3_S8_L002_R1_001.fastq.gz.1
GSM8101579;SRR17720201;LGG;unsorted;4;LGG_patient4_all cells;Adult;brain;Perivascular and other tissue derived cells;L002_R2;s3://sra-pub-src-18/SRR17720201/LowGradeGlioma_06-10-2020_unsorted_3pr_v3_S8_L002_R2_001.fastq.gz.1
GSM8101579;SRR17720201;LGG;unsorted;4;LGG_patient4_all cells;Adult;brain;Perivascular and other tissue derived cells;L003_I1;s3://sra-pub-src-5/SRR17720201/LowGradeGlioma_06-10-2020_unsorted_3pr_v3_S8_L003_I1_001.fastq.gz.1
GSM8101579;SRR17720201;LGG;unsorted;4;LGG_patient4_all cells;Adult;brain;Perivascular and other tissue derived cells;L003_R1;s3://sra-pub-src-18/SRR17720201/LowGradeGlioma_06-10-2020_unsorted_3pr_v3_S8_L003_R1_001.fastq.gz.1
GSM8101579;SRR17720201;LGG;unsorted;4;LGG_patient4_all cells;Adult;brain;Perivascular and other tissue derived cells;L003_R2;s3://sra-pub-src-6/SRR17720201/LowGradeGlioma_06-10-2020_unsorted_3pr_v3_S8_L003_R2_001.fastq.gz.1
GSM8101579;SRR17720201;LGG;unsorted;4;LGG_patient4_all cells;Adult;brain;Perivascular and other tissue derived cells;L004_I1;s3://sra-pub-src-5/SRR17720201/LowGradeGlioma_06-10-2020_unsorted_3pr_v3_S8_L004_I1_001.fastq.gz.1
GSM8101579;SRR17720201;LGG;unsorted;4;LGG_patient4_all cells;Adult;brain;Perivascular and other tissue derived cells;L004_R1;s3://sra-pub-src-18/SRR17720201/LowGradeGlioma_06-10-2020_unsorted_3pr_v3_S8_L004_R1_001.fastq.gz.1
GSM8101579;SRR17720201;LGG;unsorted;4;LGG_patient4_all cells;Adult;brain;Perivascular and other tissue derived cells;L004_R2;s3://sra-pub-src-6/SRR17720201/LowGradeGlioma_06-10-2020_unsorted_3pr_v3_S8_L004_R2_001.fastq.gz.1
GSM8101580;SRR17720171;LGG;unsorted;4;LGG_patient5_all cells;Adult;brain;Perivascular and other tissue derived cells;L001_I1;s3://sra-pub-src-5/SRR17720171/LGG_27-10-20_unsorted_3pr_v3_S1_L001_I1_001.fastq.gz.1
GSM8101580;SRR17720171;LGG;unsorted;4;LGG_patient5_all cells;Adult;brain;Perivascular and other tissue derived cells;L001_R1;s3://sra-pub-src-6/SRR17720171/LGG_27-10-20_unsorted_3pr_v3_S1_L001_R1_001.fastq.gz.1
GSM8101580;SRR17720171;LGG;unsorted;4;LGG_patient5_all cells;Adult;brain;Perivascular and other tissue derived cells;L001_R2;s3://sra-pub-src-11/SRR17720171/LGG_27-10-20_unsorted_3pr_v3_S1_L001_R2_001.fastq.gz.1
GSM8101580;SRR17720171;LGG;unsorted;4;LGG_patient5_all cells;Adult;brain;Perivascular and other tissue derived cells;L002_I1;s3://sra-pub-src-5/SRR17720171/LGG_27-10-20_unsorted_3pr_v3_S1_L002_I1_001.fastq.gz.1
GSM8101580;SRR17720171;LGG;unsorted;4;LGG_patient5_all cells;Adult;brain;Perivascular and other tissue derived cells;L002_R1;s3://sra-pub-src-6/SRR17720171/LGG_27-10-20_unsorted_3pr_v3_S1_L002_R1_001.fastq.gz.1
GSM8101580;SRR17720171;LGG;unsorted;4;LGG_patient5_all cells;Adult;brain;Perivascular and other tissue derived cells;L002_R2;s3://sra-pub-src-11/SRR17720171/LGG_27-10-20_unsorted_3pr_v3_S1_L002_R2_001.fastq.gz.1
GSM8101580;SRR17720171;LGG;unsorted;4;LGG_patient5_all cells;Adult;brain;Perivascular and other tissue derived cells;L003_I1;s3://sra-pub-src-5/SRR17720171/LGG_27-10-20_unsorted_3pr_v3_S1_L003_I1_001.fastq.gz.1
GSM8101580;SRR17720171;LGG;unsorted;4;LGG_patient5_all cells;Adult;brain;Perivascular and other tissue derived cells;L003_R1;s3://sra-pub-src-6/SRR17720171/LGG_27-10-20_unsorted_3pr_v3_S1_L003_R1_001.fastq.gz.1
GSM8101580;SRR17720171;LGG;unsorted;4;LGG_patient5_all cells;Adult;brain;Perivascular and other tissue derived cells;L003_R2;s3://sra-pub-src-6/SRR17720171/LGG_27-10-20_unsorted_3pr_v3_S1_L003_R2_001.fastq.gz.1
GSM8101580;SRR17720171;LGG;unsorted;4;LGG_patient5_all cells;Adult;brain;Perivascular and other tissue derived cells;L004_I1;s3://sra-pub-src-6/SRR17720171/LGG_27-10-20_unsorted_3pr_v3_S1_L004_I1_001.fastq.gz.1
GSM8101580;SRR17720171;LGG;unsorted;4;LGG_patient5_all cells;Adult;brain;Perivascular and other tissue derived cells;L004_R1;s3://sra-pub-src-6/SRR17720171/LGG_27-10-20_unsorted_3pr_v3_S1_L004_R1_001.fastq.gz.1
GSM8101580;SRR17720171;LGG;unsorted;4;LGG_patient5_all cells;Adult;brain;Perivascular and other tissue derived cells;L004_R2;s3://sra-pub-src-11/SRR17720171/LGG_27-10-20_unsorted_3pr_v3_S1_L004_R2_001.fastq.gz.1
GSM8101581;SRR17720170;LGG;unsorted;4;LGG_patient6_all cells;Adult;brain;Perivascular and other tissue derived cells;L001_I1;s3://sra-pub-src-14/SRR17720170/LGG_Unsorted_3pr_v3_1_S6_L001_I1_001.fastq.gz.1
GSM8101581;SRR17720170;LGG;unsorted;4;LGG_patient6_all cells;Adult;brain;Perivascular and other tissue derived cells;L001_R1;s3://sra-pub-src-14/SRR17720170/LGG_Unsorted_3pr_v3_1_S6_L001_R1_001.fastq.gz.1
GSM8101581;SRR17720170;LGG;unsorted;4;LGG_patient6_all cells;Adult;brain;Perivascular and other tissue derived cells;L001_R2;s3://sra-pub-src-14/SRR17720170/LGG_Unsorted_3pr_v3_1_S6_L001_R2_001.fastq.gz.1
GSM8101581;SRR18148883;LGG;unsorted;4;LGG_patient6_all cells;Adult;brain;Perivascular and other tissue derived cells;L002_I1;s3://sra-pub-src-16/SRR18148883/LGG_Unsorted_3pr_v3_1_S6_L002_I1_001.fastq.gz.1
GSM8101581;SRR18148883;LGG;unsorted;4;LGG_patient6_all cells;Adult;brain;Perivascular and other tissue derived cells;L002_I2;s3://sra-pub-src-16/SRR18148883/LGG_Unsorted_3pr_v3_1_S6_L002_I2_001.fastq.gz.1
GSM8101581;SRR18148883;LGG;unsorted;4;LGG_patient6_all cells;Adult;brain;Perivascular and other tissue derived cells;L002_R1;s3://sra-pub-src-16/SRR18148883/LGG_Unsorted_3pr_v3_1_S6_L002_R1_001.fastq.gz.1
GSM8101581;SRR18148883;LGG;unsorted;4;LGG_patient6_all cells;Adult;brain;Perivascular and other tissue derived cells;L002_R2;s3://sra-pub-src-5/SRR18148883/LGG_Unsorted_3pr_v3_1_S6_L002_R2_001.fastq.gz.1
GSM8101581;SRR18148883;LGG;unsorted;4;LGG_patient6_all cells;Adult;brain;Perivascular and other tissue derived cells;L003_I1;s3://sra-pub-src-16/SRR18148883/LGG_Unsorted_3pr_v3_1_S6_L003_I1_001.fastq.gz.1
GSM8101581;SRR18148883;LGG;unsorted;4;LGG_patient6_all cells;Adult;brain;Perivascular and other tissue derived cells;L003_I2;s3://sra-pub-src-5/SRR18148883/LGG_Unsorted_3pr_v3_1_S6_L003_I2_001.fastq.gz.1
GSM8101581;SRR18148883;LGG;unsorted;4;LGG_patient6_all cells;Adult;brain;Perivascular and other tissue derived cells;L003_R1;s3://sra-pub-src-5/SRR18148883/LGG_Unsorted_3pr_v3_1_S6_L003_R1_001.fastq.gz.1
GSM8101581;SRR18148883;LGG;unsorted;4;LGG_patient6_all cells;Adult;brain;Perivascular and other tissue derived cells;L003_R2;s3://sra-pub-src-5/SRR18148883/LGG_Unsorted_3pr_v3_1_S6_L003_R2_001.fastq.gz.1
GSM8101581;SRR18148883;LGG;unsorted;4;LGG_patient6_all cells;Adult;brain;Perivascular and other tissue derived cells;L004_I1;s3://sra-pub-src-16/SRR18148883/LGG_Unsorted_3pr_v3_1_S6_L004_I1_001.fastq.gz.1
GSM8101581;SRR18148883;LGG;unsorted;4;LGG_patient6_all cells;Adult;brain;Perivascular and other tissue derived cells;L004_I2;s3://sra-pub-src-16/SRR18148883/LGG_Unsorted_3pr_v3_1_S6_L004_I2_001.fastq.gz.1
GSM8101581;SRR18148883;LGG;unsorted;4;LGG_patient6_all cells;Adult;brain;Perivascular and other tissue derived cells;L004_R1;s3://sra-pub-src-5/SRR18148883/LGG_Unsorted_3pr_v3_1_S6_L004_R1_001.fastq.gz.1
GSM8101581;SRR18148883;LGG;unsorted;4;LGG_patient6_all cells;Adult;brain;Perivascular and other tissue derived cells;L004_R2;s3://sra-pub-src-5/SRR18148883/LGG_Unsorted_3pr_v3_1_S6_L004_R2_001.fastq.gz.1
GSM8101619;SRR28072405;LGG;bulkRNA;4;LGG_patient1_EC_bulkRNA-seq;Adult;lower grade glioma;Endothelial cells;Merged/Unknown;s3://sra-pub-src-8/SRR28072405/20210121.A-LGG_EC_05-03-20_R1.fastq.gz.1
GSM8101620;SRR28072404;LGG;bulkRNA;4;LGG_patient2_EC_bulkRNA-seq;Adult;lower grade glioma;Endothelial cells;Merged/Unknown;s3://sra-pub-src-8/SRR28072404/20210121.A-GBM_EC_center_EC_02-05-19_R1.fastq.gz.1
GSM8101621;SRR28072403;LGG;bulkRNA;4;LGG_patient3_EC_bulkRNA-seq;Adult;lower grade glioma;Endothelial cells;Merged/Unknown;s3://sra-pub-src-8/SRR28072403/20210121.A-GBM_EC_04-03-20_R1.fastq.gz.1
GSM8101622;SRR28072402;LGG;bulkRNA;4;LGG_patient4_EC_bulkRNA-seq;Adult;lower grade glioma;Endothelial cells;Merged/Unknown;s3://sra-pub-src-8/SRR28072402/20190328.B-NCHtu65_R1.fastq.gz.1
GSM8101549;SRR17720177;GBM;sorted;8;GBM_patient1_EC;Adult;brain;Endothelial cells;L001_I1;s3://sra-pub-src-18/SRR17720177/GBM_28_08_2018_S1_L001_I1_001.fastq.gz.1
GSM8101549;SRR17720177;GBM;sorted;8;GBM_patient1_EC;Adult;brain;Endothelial cells;L001_R1;s3://sra-pub-src-6/SRR17720177/GBM_28_08_2018_S1_L001_R1_001.fastq.gz.1
GSM8101549;SRR17720177;GBM;sorted;8;GBM_patient1_EC;Adult;brain;Endothelial cells;L001_R2;s3://sra-pub-src-6/SRR17720177/GBM_28_08_2018_S1_L001_R2_001.fastq.gz.1
GSM8101549;SRR17720177;GBM;sorted;8;GBM_patient1_EC;Adult;brain;Endothelial cells;L002_I1;s3://sra-pub-src-18/SRR17720177/GBM_28_08_2018_S1_L002_I1_001.fastq.gz.1
GSM8101549;SRR17720177;GBM;sorted;8;GBM_patient1_EC;Adult;brain;Endothelial cells;L002_R1;s3://sra-pub-src-18/SRR17720177/GBM_28_08_2018_S1_L002_R1_001.fastq.gz.1
GSM8101549;SRR17720177;GBM;sorted;8;GBM_patient1_EC;Adult;brain;Endothelial cells;L002_R2;s3://sra-pub-src-6/SRR17720177/GBM_28_08_2018_S1_L002_R2_001.fastq.gz.1
GSM8101549;SRR17720177;GBM;sorted;8;GBM_patient1_EC;Adult;brain;Endothelial cells;L003_I1;s3://sra-pub-src-18/SRR17720177/GBM_28_08_2018_S1_L003_I1_001.fastq.gz.1
GSM8101549;SRR17720177;GBM;sorted;8;GBM_patient1_EC;Adult;brain;Endothelial cells;L003_R1;s3://sra-pub-src-6/SRR17720177/GBM_28_08_2018_S1_L003_R1_001.fastq.gz.1
GSM8101549;SRR17720177;GBM;sorted;8;GBM_patient1_EC;Adult;brain;Endothelial cells;L003_R2;s3://sra-pub-src-6/SRR17720177/GBM_28_08_2018_S1_L003_R2_001.fastq.gz.1
GSM8101549;SRR17720177;GBM;sorted;8;GBM_patient1_EC;Adult;brain;Endothelial cells;L004_I1;s3://sra-pub-src-18/SRR17720177/GBM_28_08_2018_S1_L004_I1_001.fastq.gz.1
GSM8101549;SRR17720177;GBM;sorted;8;GBM_patient1_EC;Adult;brain;Endothelial cells;L004_R1;s3://sra-pub-src-18/SRR17720177/GBM_28_08_2018_S1_L004_R1_001.fastq.gz.1
GSM8101549;SRR17720177;GBM;sorted;8;GBM_patient1_EC;Adult;brain;Endothelial cells;L004_R2;s3://sra-pub-src-6/SRR17720177/GBM_28_08_2018_S1_L004_R2_001.fastq.gz.1
GSM8101551;SRR17720174;GBM;sorted;8;GBM_patient3_EC;Adult;brain;Endothelial cells;L001_I1;s3://sra-pub-src-4/SRR17720174/GBM_15-10-2019_ECs_S1_L001_I1_001.fastq.gz.1
GSM8101551;SRR17720174;GBM;sorted;8;GBM_patient3_EC;Adult;brain;Endothelial cells;L001_R1;s3://sra-pub-src-4/SRR17720174/GBM_15-10-2019_ECs_S1_L001_R1_001.fastq.gz.1
GSM8101551;SRR17720174;GBM;sorted;8;GBM_patient3_EC;Adult;brain;Endothelial cells;L001_R2;s3://sra-pub-src-4/SRR17720174/GBM_15-10-2019_ECs_S1_L001_R2_001.fastq.gz.1
GSM8101551;SRR17720174;GBM;sorted;8;GBM_patient3_EC;Adult;brain;Endothelial cells;L002_I1;s3://sra-pub-src-4/SRR17720174/GBM_15-10-2019_ECs_S1_L002_I1_001.fastq.gz.1
GSM8101551;SRR17720174;GBM;sorted;8;GBM_patient3_EC;Adult;brain;Endothelial cells;L002_R1;s3://sra-pub-src-4/SRR17720174/GBM_15-10-2019_ECs_S1_L002_R1_001.fastq.gz.1
GSM8101551;SRR17720174;GBM;sorted;8;GBM_patient3_EC;Adult;brain;Endothelial cells;L002_R2;s3://sra-pub-src-5/SRR17720174/GBM_15-10-2019_ECs_S1_L002_R2_001.fastq.gz.1
GSM8101552;SRR17720173;GBM;sorted;8;GBM_patient4_EC;Adult;brain;Endothelial cells;L001_I1;s3://sra-pub-src-10/SRR17720173/GBM_EC_19_11_19_S10_L001_I1_001.fastq.gz.1
GSM8101552;SRR17720173;GBM;sorted;8;GBM_patient4_EC;Adult;brain;Endothelial cells;L001_R1;s3://sra-pub-src-10/SRR17720173/GBM_EC_19_11_19_S10_L001_R1_001.fastq.gz.1
GSM8101552;SRR17720173;GBM;sorted;8;GBM_patient4_EC;Adult;brain;Endothelial cells;L001_R2;s3://sra-pub-src-10/SRR17720173/GBM_EC_19_11_19_S10_L001_R2_001.fastq.gz.1
GSM8101552;SRR17720173;GBM;sorted;8;GBM_patient4_EC;Adult;brain;Endothelial cells;L002_I1;s3://sra-pub-src-10/SRR17720173/GBM_EC_19_11_19_S10_L002_I1_001.fastq.gz.1
GSM8101552;SRR17720173;GBM;sorted;8;GBM_patient4_EC;Adult;brain;Endothelial cells;L002_R1;s3://sra-pub-src-10/SRR17720173/GBM_EC_19_11_19_S10_L002_R1_001.fastq.gz.1
GSM8101552;SRR17720173;GBM;sorted;8;GBM_patient4_EC;Adult;brain;Endothelial cells;L002_R2;s3://sra-pub-src-10/SRR17720173/GBM_EC_19_11_19_S10_L002_R2_001.fastq.gz.1
GSM8101553;SRR17720172;GBM;sorted;8;GBM_patient5_EC;Adult;brain;Endothelial cells;L002_I1;s3://sra-pub-src-16/SRR17720172/GBM_03-03-2020_sorted_3pr_v3_S16_L002_I1_001.fastq.gz.1
GSM8101553;SRR17720172;GBM;sorted;8;GBM_patient5_EC;Adult;brain;Endothelial cells;L002_R1;s3://sra-pub-src-16/SRR17720172/GBM_03-03-2020_sorted_3pr_v3_S16_L002_R1_001.fastq.gz.1
GSM8101553;SRR17720172;GBM;sorted;8;GBM_patient5_EC;Adult;brain;Endothelial cells;L002_R2;s3://sra-pub-src-16/SRR17720172/GBM_03-03-2020_sorted_3pr_v3_S16_L002_R2_001.fastq.gz.1
GSM8101604;SRR28072452;GBM;sorted;8;GBM_patient6_EC;Adult;high grade glioma / glioblastoma (GBM);Endothelial cells;L001_I1;s3://sra-pub-src-8/SRR28072452/Tumour_20-10-2020_sorted_3pr_v3_S19_L001_I1_001.fastq.gz.1
GSM8101604;SRR28072452;GBM;sorted;8;GBM_patient6_EC;Adult;high grade glioma / glioblastoma (GBM);Endothelial cells;L001_R1;s3://sra-pub-src-8/SRR28072452/Tumour_20-10-2020_sorted_3pr_v3_S19_L001_R1_001.fastq.gz.1
GSM8101604;SRR28072452;GBM;sorted;8;GBM_patient6_EC;Adult;high grade glioma / glioblastoma (GBM);Endothelial cells;L001_R2;s3://sra-pub-src-8/SRR28072452/Tumour_20-10-2020_sorted_3pr_v3_S19_L001_R2_001.fastq.gz.1
GSM8101604;SRR28072453;GBM;sorted;8;GBM_patient6_EC;Adult;high grade glioma / glioblastoma (GBM);Endothelial cells;L002_I1;s3://sra-pub-src-8/SRR28072453/Tumour_20-10-2020_sorted_3pr_v3_S19_L002_I1_001.fastq.gz.1
GSM8101604;SRR28072453;GBM;sorted;8;GBM_patient6_EC;Adult;high grade glioma / glioblastoma (GBM);Endothelial cells;L002_R1;s3://sra-pub-src-8/SRR28072453/Tumour_20-10-2020_sorted_3pr_v3_S19_L002_R1_001.fastq.gz.1
GSM8101604;SRR28072453;GBM;sorted;8;GBM_patient6_EC;Adult;high grade glioma / glioblastoma (GBM);Endothelial cells;L002_R2;s3://sra-pub-src-8/SRR28072453/Tumour_20-10-2020_sorted_3pr_v3_S19_L002_R2_001.fastq.gz.1
GSM8101604;SRR28072454;GBM;sorted;8;GBM_patient6_EC;Adult;high grade glioma / glioblastoma (GBM);Endothelial cells;L003_I1;s3://sra-pub-src-8/SRR28072454/Tumour_20-10-2020_sorted_3pr_v3_S19_L003_I1_001.fastq.gz.1
GSM8101604;SRR28072454;GBM;sorted;8;GBM_patient6_EC;Adult;high grade glioma / glioblastoma (GBM);Endothelial cells;L003_R1;s3://sra-pub-src-8/SRR28072454/Tumour_20-10-2020_sorted_3pr_v3_S19_L003_R1_001.fastq.gz.1
GSM8101604;SRR28072454;GBM;sorted;8;GBM_patient6_EC;Adult;high grade glioma / glioblastoma (GBM);Endothelial cells;L003_R2;s3://sra-pub-src-8/SRR28072454/Tumour_20-10-2020_sorted_3pr_v3_S19_L003_R2_001.fastq.gz.1
GSM8101604;SRR28072455;GBM;sorted;8;GBM_patient6_EC;Adult;high grade glioma / glioblastoma (GBM);Endothelial cells;L004_I1;s3://sra-pub-src-8/SRR28072455/Tumour_20-10-2020_sorted_3pr_v3_S19_L004_I1_001.fastq.gz.1
GSM8101604;SRR28072455;GBM;sorted;8;GBM_patient6_EC;Adult;high grade glioma / glioblastoma (GBM);Endothelial cells;L004_R1;s3://sra-pub-src-8/SRR28072455/Tumour_20-10-2020_sorted_3pr_v3_S19_L004_R1_001.fastq.gz.1
GSM8101604;SRR28072455;GBM;sorted;8;GBM_patient6_EC;Adult;high grade glioma / glioblastoma (GBM);Endothelial cells;L004_R2;s3://sra-pub-src-8/SRR28072455/Tumour_20-10-2020_sorted_3pr_v3_S19_L004_R2_001.fastq.gz.1
GSM8101605;SRR28072456;GBM;sorted;8;GBM_patient7_EC;Adult;high grade glioma / glioblastoma (GBM);Endothelial cells;L001_I1;s3://sra-pub-src-8/SRR28072456/GBM_Sorted_Dec15_2020_3pr_v3_S1_L001_I1_001.fastq.gz.1
GSM8101605;SRR28072456;GBM;sorted;8;GBM_patient7_EC;Adult;high grade glioma / glioblastoma (GBM);Endothelial cells;L001_I2;s3://sra-pub-src-8/SRR28072456/GBM_Sorted_Dec15_2020_3pr_v3_S1_L001_I2_001.fastq.gz.1
GSM8101605;SRR28072456;GBM;sorted;8;GBM_patient7_EC;Adult;high grade glioma / glioblastoma (GBM);Endothelial cells;L001_R1;s3://sra-pub-src-8/SRR28072456/GBM_Sorted_Dec15_2020_3pr_v3_S1_L001_R1_001.fastq.gz.1
GSM8101605;SRR28072456;GBM;sorted;8;GBM_patient7_EC;Adult;high grade glioma / glioblastoma (GBM);Endothelial cells;L001_R2;s3://sra-pub-src-8/SRR28072456/GBM_Sorted_Dec15_2020_3pr_v3_S1_L001_R2_001.fastq.gz.1
GSM8101605;SRR28072457;GBM;sorted;8;GBM_patient7_EC;Adult;high grade glioma / glioblastoma (GBM);Endothelial cells;L002_I1;s3://sra-pub-src-8/SRR28072457/GBM_Sorted_Dec15_2020_3pr_v3_S1_L002_I1_001.fastq.gz.1
GSM8101605;SRR28072457;GBM;sorted;8;GBM_patient7_EC;Adult;high grade glioma / glioblastoma (GBM);Endothelial cells;L002_I2;s3://sra-pub-src-8/SRR28072457/GBM_Sorted_Dec15_2020_3pr_v3_S1_L002_I2_001.fastq.gz.1
GSM8101605;SRR28072457;GBM;sorted;8;GBM_patient7_EC;Adult;high grade glioma / glioblastoma (GBM);Endothelial cells;L002_R1;s3://sra-pub-src-8/SRR28072457/GBM_Sorted_Dec15_2020_3pr_v3_S1_L002_R1_001.fastq.gz.1
GSM8101605;SRR28072457;GBM;sorted;8;GBM_patient7_EC;Adult;high grade glioma / glioblastoma (GBM);Endothelial cells;L002_R2;s3://sra-pub-src-8/SRR28072457/GBM_Sorted_Dec15_2020_3pr_v3_S1_L002_R2_001.fastq.gz.1
GSM8101608;SRR28072430;GBM;sorted;8;GBM_patient8_EC;Adult;high grade glioma / glioblastoma (GBM);Endothelial cells;L002_I1;s3://sra-pub-src-8/SRR28072430/Recurrent_GBM_04092018_S1_L002_I1_001.fastq.gz.1
GSM8101608;SRR28072430;GBM;sorted;8;GBM_patient8_EC;Adult;high grade glioma / glioblastoma (GBM);Endothelial cells;L002_R1;s3://sra-pub-src-8/SRR28072430/Recurrent_GBM_04092018_S1_L002_R1_001.fastq.gz.1
GSM8101608;SRR28072430;GBM;sorted;8;GBM_patient8_EC;Adult;high grade glioma / glioblastoma (GBM);Endothelial cells;L002_R2;s3://sra-pub-src-8/SRR28072430/Recurrent_GBM_04092018_S1_L002_R2_001.fastq.gz.1
GSM8101608;SRR28072451;GBM;sorted;8;GBM_patient8_EC;Adult;high grade glioma / glioblastoma (GBM);Endothelial cells;L001_I1;s3://sra-pub-src-8/SRR28072451/Recurrent_GBM_04092018_S1_L001_I1_001.fastq.gz.1
GSM8101608;SRR28072451;GBM;sorted;8;GBM_patient8_EC;Adult;high grade glioma / glioblastoma (GBM);Endothelial cells;L001_R1;s3://sra-pub-src-8/SRR28072451/Recurrent_GBM_04092018_S1_L001_R1_001.fastq.gz.1
GSM8101608;SRR28072451;GBM;sorted;8;GBM_patient8_EC;Adult;high grade glioma / glioblastoma (GBM);Endothelial cells;L001_R2;s3://sra-pub-src-8/SRR28072451/Recurrent_GBM_04092018_S1_L001_R2_001.fastq.gz.1
GSM8101582;SRR17720169;GBM;unsorted;5;GBM_patient3_all cells;Adult;brain;Perivascular and other tissue derived cells;L001_I1;s3://sra-pub-src-7/SRR17720169/GBM_15-10-2019_unsorted_S16_L001_I1_001.fastq.gz.1
GSM8101582;SRR17720169;GBM;unsorted;5;GBM_patient3_all cells;Adult;brain;Perivascular and other tissue derived cells;L001_R1;s3://sra-pub-src-7/SRR17720169/GBM_15-10-2019_unsorted_S16_L001_R1_001.fastq.gz.1
GSM8101582;SRR17720169;GBM;unsorted;5;GBM_patient3_all cells;Adult;brain;Perivascular and other tissue derived cells;L001_R2;s3://sra-pub-src-7/SRR17720169/GBM_15-10-2019_unsorted_S16_L001_R2_001.fastq.gz.1
GSM8101582;SRR17720169;GBM;unsorted;5;GBM_patient3_all cells;Adult;brain;Perivascular and other tissue derived cells;L002_I1;s3://sra-pub-src-7/SRR17720169/GBM_15-10-2019_unsorted_S16_L002_I1_001.fastq.gz.1
GSM8101582;SRR17720169;GBM;unsorted;5;GBM_patient3_all cells;Adult;brain;Perivascular and other tissue derived cells;L002_R1;s3://sra-pub-src-7/SRR17720169/GBM_15-10-2019_unsorted_S16_L002_R1_001.fastq.gz.1
GSM8101582;SRR17720169;GBM;unsorted;5;GBM_patient3_all cells;Adult;brain;Perivascular and other tissue derived cells;L002_R2;s3://sra-pub-src-7/SRR17720169/GBM_15-10-2019_unsorted_S16_L002_R2_001.fastq.gz.1
GSM8101583;SRR17720167;GBM;unsorted;5;GBM_patient4_all cells;Adult;brain;Perivascular and other tissue derived cells;L001_I1;s3://sra-pub-src-18/SRR17720167/GBM_Unsorted_19_11_19_S9_L001_I1_001.fastq.gz.1
GSM8101583;SRR17720167;GBM;unsorted;5;GBM_patient4_all cells;Adult;brain;Perivascular and other tissue derived cells;L001_R1;s3://sra-pub-src-18/SRR17720167/GBM_Unsorted_19_11_19_S9_L001_R1_001.fastq.gz.1
GSM8101583;SRR17720167;GBM;unsorted;5;GBM_patient4_all cells;Adult;brain;Perivascular and other tissue derived cells;L001_R2;s3://sra-pub-src-6/SRR17720167/GBM_Unsorted_19_11_19_S9_L001_R2_001.fastq.gz.1
GSM8101583;SRR17720167;GBM;unsorted;5;GBM_patient4_all cells;Adult;brain;Perivascular and other tissue derived cells;L002_I1;s3://sra-pub-src-18/SRR17720167/GBM_Unsorted_19_11_19_S9_L002_I1_001.fastq.gz.1
GSM8101583;SRR17720167;GBM;unsorted;5;GBM_patient4_all cells;Adult;brain;Perivascular and other tissue derived cells;L002_R1;s3://sra-pub-src-18/SRR17720167/GBM_Unsorted_19_11_19_S9_L002_R1_001.fastq.gz.1
GSM8101583;SRR17720167;GBM;unsorted;5;GBM_patient4_all cells;Adult;brain;Perivascular and other tissue derived cells;L002_R2;s3://sra-pub-src-6/SRR17720167/GBM_Unsorted_19_11_19_S9_L002_R2_001.fastq.gz.1
GSM8101584;SRR17720166;GBM;unsorted;5;GBM_patient5_all cells;Adult;brain;Perivascular and other tissue derived cells;L002_I1;s3://sra-pub-src-6/SRR17720166/GBM_03-03-2020_unsorted_3pr_v3_S15_L002_I1_001.fastq.gz.1
GSM8101584;SRR17720166;GBM;unsorted;5;GBM_patient5_all cells;Adult;brain;Perivascular and other tissue derived cells;L002_R1;s3://sra-pub-src-6/SRR17720166/GBM_03-03-2020_unsorted_3pr_v3_S15_L002_R1_001.fastq.gz.1
GSM8101584;SRR17720166;GBM;unsorted;5;GBM_patient5_all cells;Adult;brain;Perivascular and other tissue derived cells;L002_R2;s3://sra-pub-src-6/SRR17720166/GBM_03-03-2020_unsorted_3pr_v3_S15_L002_R2_001.fastq.gz.1
GSM8101585;SRR17720165;GBM;unsorted;5;GBM_patient6_all cells;Adult;brain;Perivascular and other tissue derived cells;L001_I1;s3://sra-pub-src-10/SRR17720165/Tumour_20-10-2020_unsorted_3pr_v3_S18_L001_I1_001.fastq.gz.1
GSM8101585;SRR17720165;GBM;unsorted;5;GBM_patient6_all cells;Adult;brain;Perivascular and other tissue derived cells;L001_R1;s3://sra-pub-src-10/SRR17720165/Tumour_20-10-2020_unsorted_3pr_v3_S18_L001_R1_001.fastq.gz.1
GSM8101585;SRR17720165;GBM;unsorted;5;GBM_patient6_all cells;Adult;brain;Perivascular and other tissue derived cells;L001_R2;s3://sra-pub-src-13/SRR17720165/Tumour_20-10-2020_unsorted_3pr_v3_S18_L001_R2_001.fastq.gz.1
GSM8101585;SRR17720165;GBM;unsorted;5;GBM_patient6_all cells;Adult;brain;Perivascular and other tissue derived cells;L002_I1;s3://sra-pub-src-10/SRR17720165/Tumour_20-10-2020_unsorted_3pr_v3_S18_L002_I1_001.fastq.gz.1
GSM8101585;SRR17720165;GBM;unsorted;5;GBM_patient6_all cells;Adult;brain;Perivascular and other tissue derived cells;L002_R1;s3://sra-pub-src-13/SRR17720165/Tumour_20-10-2020_unsorted_3pr_v3_S18_L002_R1_001.fastq.gz.1
GSM8101585;SRR17720165;GBM;unsorted;5;GBM_patient6_all cells;Adult;brain;Perivascular and other tissue derived cells;L002_R2;s3://sra-pub-src-13/SRR17720165/Tumour_20-10-2020_unsorted_3pr_v3_S18_L002_R2_001.fastq.gz.1
GSM8101585;SRR17720165;GBM;unsorted;5;GBM_patient6_all cells;Adult;brain;Perivascular and other tissue derived cells;L003_I1;s3://sra-pub-src-10/SRR17720165/Tumour_20-10-2020_unsorted_3pr_v3_S18_L003_I1_001.fastq.gz.1
GSM8101585;SRR17720165;GBM;unsorted;5;GBM_patient6_all cells;Adult;brain;Perivascular and other tissue derived cells;L003_R1;s3://sra-pub-src-13/SRR17720165/Tumour_20-10-2020_unsorted_3pr_v3_S18_L003_R1_001.fastq.gz.1
GSM8101585;SRR17720165;GBM;unsorted;5;GBM_patient6_all cells;Adult;brain;Perivascular and other tissue derived cells;L003_R2;s3://sra-pub-src-14/SRR17720165/Tumour_20-10-2020_unsorted_3pr_v3_S18_L003_R2_001.fastq.gz.1
GSM8101585;SRR17720165;GBM;unsorted;5;GBM_patient6_all cells;Adult;brain;Perivascular and other tissue derived cells;L004_I1;s3://sra-pub-src-10/SRR17720165/Tumour_20-10-2020_unsorted_3pr_v3_S18_L004_I1_001.fastq.gz.1
GSM8101585;SRR17720165;GBM;unsorted;5;GBM_patient6_all cells;Adult;brain;Perivascular and other tissue derived cells;L004_R1;s3://sra-pub-src-13/SRR17720165/Tumour_20-10-2020_unsorted_3pr_v3_S18_L004_R1_001.fastq.gz.1
GSM8101585;SRR17720165;GBM;unsorted;5;GBM_patient6_all cells;Adult;brain;Perivascular and other tissue derived cells;L004_R2;s3://sra-pub-src-13/SRR17720165/Tumour_20-10-2020_unsorted_3pr_v3_S18_L004_R2_001.fastq.gz.1
GSM8101586;SRR17720164;GBM;unsorted;5;GBM_patient7_all cells;Adult;brain;Perivascular and other tissue derived cells;L001_I1;s3://sra-pub-src-6/SRR17720164/GBM_Unsorted_Dec15_2020_3pr_v3_S2_L001_I1_001.fastq.gz.1
GSM8101586;SRR17720164;GBM;unsorted;5;GBM_patient7_all cells;Adult;brain;Perivascular and other tissue derived cells;L001_I2;s3://sra-pub-src-6/SRR17720164/GBM_Unsorted_Dec15_2020_3pr_v3_S2_L001_I2_001.fastq.gz.1
GSM8101586;SRR17720164;GBM;unsorted;5;GBM_patient7_all cells;Adult;brain;Perivascular and other tissue derived cells;L001_R1;s3://sra-pub-src-6/SRR17720164/GBM_Unsorted_Dec15_2020_3pr_v3_S2_L001_R1_001.fastq.gz.1
GSM8101586;SRR17720164;GBM;unsorted;5;GBM_patient7_all cells;Adult;brain;Perivascular and other tissue derived cells;L001_R2;s3://sra-pub-src-9/SRR17720164/GBM_Unsorted_Dec15_2020_3pr_v3_S2_L001_R2_001.fastq.gz.1
GSM8101586;SRR17720164;GBM;unsorted;5;GBM_patient7_all cells;Adult;brain;Perivascular and other tissue derived cells;L002_I1;s3://sra-pub-src-6/SRR17720164/GBM_Unsorted_Dec15_2020_3pr_v3_S2_L002_I1_001.fastq.gz.1
GSM8101586;SRR17720164;GBM;unsorted;5;GBM_patient7_all cells;Adult;brain;Perivascular and other tissue derived cells;L002_I2;s3://sra-pub-src-6/SRR17720164/GBM_Unsorted_Dec15_2020_3pr_v3_S2_L002_I2_001.fastq.gz.1
GSM8101586;SRR17720164;GBM;unsorted;5;GBM_patient7_all cells;Adult;brain;Perivascular and other tissue derived cells;L002_R1;s3://sra-pub-src-6/SRR17720164/GBM_Unsorted_Dec15_2020_3pr_v3_S2_L002_R1_001.fastq.gz.1
GSM8101586;SRR17720164;GBM;unsorted;5;GBM_patient7_all cells;Adult;brain;Perivascular and other tissue derived cells;L002_R2;s3://sra-pub-src-9/SRR17720164/GBM_Unsorted_Dec15_2020_3pr_v3_S2_L002_R2_001.fastq.gz.1
GSM8101623;SRR28072401;GBM;bulkRNA;6;GBM_patient1_EC_bulkRNA-seq;Adult;high grade glioma / glioblastoma (GBM);Endothelial cells;Merged/Unknown;s3://sra-pub-src-8/SRR28072401/20181015.A-NCH_tu61_R1.fastq.gz.1
GSM8101624;SRR28072400;GBM;bulkRNA;6;GBM_patient2_EC_bulkRNA-seq;Adult;high grade glioma / glioblastoma (GBM);Endothelial cells;Merged/Unknown;s3://sra-pub-src-8/SRR28072400/20181015.A-NCH_tu62_R1.fastq.gz.1
GSM8101625;SRR28072399;GBM;bulkRNA;6;GBM_patient3_EC_bulkRNA-seq;Adult;high grade glioma / glioblastoma (GBM);Endothelial cells;Merged/Unknown;s3://sra-pub-src-8/SRR28072399/20190328.B-GBM_071218_R1.fastq.gz.1
GSM8101626;SRR28072398;GBM;bulkRNA;6;GBM_patient4_EC_bulkRNA-seq;Adult;high grade glioma / glioblastoma (GBM);Endothelial cells;Merged/Unknown;s3://sra-pub-src-8/SRR28072398/20190328.B-Recurrent_glioma_040918_R1.fastq.gz.1
GSM8101627;SRR28072397;GBM;bulkRNA;6;GBM_patient5_EC_bulkRNA-seq;Adult;high grade glioma / glioblastoma (GBM);Endothelial cells;Merged/Unknown;s3://sra-pub-src-8/SRR28072397/20210121.A-GBM_EC_24-04-19_R1.fastq.gz.1
GSM8101628;SRR28072396;GBM;bulkRNA;6;GBM_patient6_EC_bulkRNA-seq;Adult;high grade glioma / glioblastoma (GBM);Endothelial cells;Merged/Unknown;s3://sra-pub-src-8/SRR28072396/20210121.A-Rec_GBM_EC_04-06-19_R1.fastq.gz.1
GSM8101554;SRR17720154;MET;sorted;5;MET_patient1_EC;Adult;brain;Endothelial cells;L001_I1;s3://sra-pub-src-8/SRR17720154/Sample_28092018_S3_L001_I1_001.fastq.gz.1
GSM8101554;SRR17720154;MET;sorted;5;MET_patient1_EC;Adult;brain;Endothelial cells;L001_R1;s3://sra-pub-src-8/SRR17720154/Sample_28092018_S3_L001_R1_001.fastq.gz.1
GSM8101554;SRR17720154;MET;sorted;5;MET_patient1_EC;Adult;brain;Endothelial cells;L001_R2;s3://sra-pub-src-8/SRR17720154/Sample_28092018_S3_L001_R2_001.fastq.gz.1
GSM8101554;SRR17720154;MET;sorted;5;MET_patient1_EC;Adult;brain;Endothelial cells;L002_I1;s3://sra-pub-src-14/SRR17720154/Sample_28092018_S3_L002_I1_001.fastq.gz.1
GSM8101554;SRR17720154;MET;sorted;5;MET_patient1_EC;Adult;brain;Endothelial cells;L002_R1;s3://sra-pub-src-8/SRR17720154/Sample_28092018_S3_L002_R1_001.fastq.gz.1
GSM8101554;SRR17720154;MET;sorted;5;MET_patient1_EC;Adult;brain;Endothelial cells;L002_R2;s3://sra-pub-src-8/SRR17720154/Sample_28092018_S3_L002_R2_001.fastq.gz.1
GSM8101555;SRR17720153;MET;sorted;5;MET_patient2_EC;Adult;brain;Endothelial cells;L001_I1;s3://sra-pub-src-15/SRR17720153/Metastasis_17102018_S7_L001_I1_001.fastq.gz.1
GSM8101555;SRR17720153;MET;sorted;5;MET_patient2_EC;Adult;brain;Endothelial cells;L001_R1;s3://sra-pub-src-17/SRR17720153/Metastasis_17102018_S7_L001_R1_001.fastq.gz.1
GSM8101555;SRR17720153;MET;sorted;5;MET_patient2_EC;Adult;brain;Endothelial cells;L001_R2;s3://sra-pub-src-17/SRR17720153/Metastasis_17102018_S7_L001_R2_001.fastq.gz.1
GSM8101555;SRR17720153;MET;sorted;5;MET_patient2_EC;Adult;brain;Endothelial cells;L002_I1;s3://sra-pub-src-15/SRR17720153/Metastasis_17102018_S7_L002_I1_001.fastq.gz.1
GSM8101555;SRR17720153;MET;sorted;5;MET_patient2_EC;Adult;brain;Endothelial cells;L002_R1;s3://sra-pub-src-17/SRR17720153/Metastasis_17102018_S7_L002_R1_001.fastq.gz.1
GSM8101555;SRR17720153;MET;sorted;5;MET_patient2_EC;Adult;brain;Endothelial cells;L002_R2;s3://sra-pub-src-17/SRR17720153/Metastasis_17102018_S7_L002_R2_001.fastq.gz.1
GSM8101556;SRR17720152;MET;sorted;5;MET_patient3_EC;Adult;brain;Endothelial cells;L001_I1;s3://sra-pub-src-16/SRR17720152/Metastasis-Breast_EC_190924_S6_L001_I1_001.fastq.gz.1
GSM8101556;SRR17720152;MET;sorted;5;MET_patient3_EC;Adult;brain;Endothelial cells;L001_R1;s3://sra-pub-src-3/SRR17720152/Metastasis-Breast_EC_190924_S6_L001_R1_001.fastq.gz.1
GSM8101556;SRR17720152;MET;sorted;5;MET_patient3_EC;Adult;brain;Endothelial cells;L001_R2;s3://sra-pub-src-3/SRR17720152/Metastasis-Breast_EC_190924_S6_L001_R2_001.fastq.gz.1
GSM8101556;SRR17720152;MET;sorted;5;MET_patient3_EC;Adult;brain;Endothelial cells;L002_I1;s3://sra-pub-src-16/SRR17720152/Metastasis-Breast_EC_190924_S6_L002_I1_001.fastq.gz.1
GSM8101556;SRR17720152;MET;sorted;5;MET_patient3_EC;Adult;brain;Endothelial cells;L002_R1;s3://sra-pub-src-3/SRR17720152/Metastasis-Breast_EC_190924_S6_L002_R1_001.fastq.gz.1
GSM8101556;SRR17720152;MET;sorted;5;MET_patient3_EC;Adult;brain;Endothelial cells;L002_R2;s3://sra-pub-src-3/SRR17720152/Metastasis-Breast_EC_190924_S6_L002_R2_001.fastq.gz.1
GSM8101557;SRR17720150;MET;sorted;5;MET_patient4_EC;Adult;brain;Endothelial cells;L001_I1;s3://sra-pub-src-6/SRR17720150/metastasis_23-10-19_Ecs_S4_L001_I1_001.fastq.gz.1
GSM8101557;SRR17720150;MET;sorted;5;MET_patient4_EC;Adult;brain;Endothelial cells;L001_R1;s3://sra-pub-src-6/SRR17720150/metastasis_23-10-19_Ecs_S4_L001_R1_001.fastq.gz.1
GSM8101557;SRR17720150;MET;sorted;5;MET_patient4_EC;Adult;brain;Endothelial cells;L001_R2;s3://sra-pub-src-9/SRR17720150/metastasis_23-10-19_Ecs_S4_L001_R2_001.fastq.gz.1
GSM8101557;SRR17720150;MET;sorted;5;MET_patient4_EC;Adult;brain;Endothelial cells;L002_I1;s3://sra-pub-src-6/SRR17720150/metastasis_23-10-19_Ecs_S4_L002_I1_001.fastq.gz.1
GSM8101557;SRR17720150;MET;sorted;5;MET_patient4_EC;Adult;brain;Endothelial cells;L002_R1;s3://sra-pub-src-6/SRR17720150/metastasis_23-10-19_Ecs_S4_L002_R1_001.fastq.gz.1
GSM8101557;SRR17720150;MET;sorted;5;MET_patient4_EC;Adult;brain;Endothelial cells;L002_R2;s3://sra-pub-src-9/SRR17720150/metastasis_23-10-19_Ecs_S4_L002_R2_001.fastq.gz.1
GSM8101558;SRR17720149;MET;sorted;5;MET_patient5_EC;Adult;brain;Endothelial cells;L001_I1;s3://sra-pub-src-5/SRR17720149/Metastasis_25-02-2020_sorted_3pr_v3_S34_L001_I1_001.fastq.gz.1
GSM8101558;SRR17720149;MET;sorted;5;MET_patient5_EC;Adult;brain;Endothelial cells;L001_R1;s3://sra-pub-src-18/SRR17720149/Metastasis_25-02-2020_sorted_3pr_v3_S34_L001_R1_001.fastq.gz.1
GSM8101558;SRR17720149;MET;sorted;5;MET_patient5_EC;Adult;brain;Endothelial cells;L001_R2;s3://sra-pub-src-6/SRR17720149/Metastasis_25-02-2020_sorted_3pr_v3_S34_L001_R2_001.fastq.gz.1
GSM8101558;SRR17720149;MET;sorted;5;MET_patient5_EC;Adult;brain;Endothelial cells;L002_I1;s3://sra-pub-src-5/SRR17720149/Metastasis_25-02-2020_sorted_3pr_v3_S34_L002_I1_001.fastq.gz.1
GSM8101558;SRR17720149;MET;sorted;5;MET_patient5_EC;Adult;brain;Endothelial cells;L002_R1;s3://sra-pub-src-18/SRR17720149/Metastasis_25-02-2020_sorted_3pr_v3_S34_L002_R1_001.fastq.gz.1
GSM8101558;SRR17720149;MET;sorted;5;MET_patient5_EC;Adult;brain;Endothelial cells;L002_R2;s3://sra-pub-src-6/SRR17720149/Metastasis_25-02-2020_sorted_3pr_v3_S34_L002_R2_001.fastq.gz.1
GSM8101558;SRR17720149;MET;sorted;5;MET_patient5_EC;Adult;brain;Endothelial cells;L003_I1;s3://sra-pub-src-18/SRR17720149/Metastasis_25-02-2020_sorted_3pr_v3_S34_L003_I1_001.fastq.gz.1
GSM8101558;SRR17720149;MET;sorted;5;MET_patient5_EC;Adult;brain;Endothelial cells;L003_R1;s3://sra-pub-src-18/SRR17720149/Metastasis_25-02-2020_sorted_3pr_v3_S34_L003_R1_001.fastq.gz.1
GSM8101558;SRR17720149;MET;sorted;5;MET_patient5_EC;Adult;brain;Endothelial cells;L003_R2;s3://sra-pub-src-6/SRR17720149/Metastasis_25-02-2020_sorted_3pr_v3_S34_L003_R2_001.fastq.gz.1
GSM8101558;SRR17720149;MET;sorted;5;MET_patient5_EC;Adult;brain;Endothelial cells;L004_I1;s3://sra-pub-src-18/SRR17720149/Metastasis_25-02-2020_sorted_3pr_v3_S34_L004_I1_001.fastq.gz.1
GSM8101558;SRR17720149;MET;sorted;5;MET_patient5_EC;Adult;brain;Endothelial cells;L004_R1;s3://sra-pub-src-18/SRR17720149/Metastasis_25-02-2020_sorted_3pr_v3_S34_L004_R1_001.fastq.gz.1
GSM8101558;SRR17720149;MET;sorted;5;MET_patient5_EC;Adult;brain;Endothelial cells;L004_R2;s3://sra-pub-src-6/SRR17720149/Metastasis_25-02-2020_sorted_3pr_v3_S34_L004_R2_001.fastq.gz.1
GSM8101587;SRR17720163;MET;unsorted;3;MET_patient3_all cells;Adult;brain;Perivascular and other tissue derived cells;L001_I1;s3://sra-pub-src-12/SRR17720163/Metastasis-Breast_unsorted_190924_S8_L001_I1_001.fastq.gz.1
GSM8101587;SRR17720163;MET;unsorted;3;MET_patient3_all cells;Adult;brain;Perivascular and other tissue derived cells;L001_R1;s3://sra-pub-src-12/SRR17720163/Metastasis-Breast_unsorted_190924_S8_L001_R1_001.fastq.gz.1
GSM8101587;SRR17720163;MET;unsorted;3;MET_patient3_all cells;Adult;brain;Perivascular and other tissue derived cells;L001_R2;s3://sra-pub-src-16/SRR17720163/Metastasis-Breast_unsorted_190924_S8_L001_R2_001.fastq.gz.1
GSM8101587;SRR17720163;MET;unsorted;3;MET_patient3_all cells;Adult;brain;Perivascular and other tissue derived cells;L002_I1;s3://sra-pub-src-12/SRR17720163/Metastasis-Breast_unsorted_190924_S8_L002_I1_001.fastq.gz.1
GSM8101587;SRR17720163;MET;unsorted;3;MET_patient3_all cells;Adult;brain;Perivascular and other tissue derived cells;L002_R1;s3://sra-pub-src-16/SRR17720163/Metastasis-Breast_unsorted_190924_S8_L002_R1_001.fastq.gz.1
GSM8101587;SRR17720163;MET;unsorted;3;MET_patient3_all cells;Adult;brain;Perivascular and other tissue derived cells;L002_R2;s3://sra-pub-src-16/SRR17720163/Metastasis-Breast_unsorted_190924_S8_L002_R2_001.fastq.gz.1
GSM8101588;SRR17720162;MET;unsorted;3;MET_patient4_all cells;Adult;brain;Perivascular and other tissue derived cells;L001_I1;s3://sra-pub-src-18/SRR17720162/metastasis_23-10-19_unsorted_S3_L001_I1_001.fastq.gz.1
GSM8101588;SRR17720162;MET;unsorted;3;MET_patient4_all cells;Adult;brain;Perivascular and other tissue derived cells;L001_R1;s3://sra-pub-src-6/SRR17720162/metastasis_23-10-19_unsorted_S3_L001_R1_001.fastq.gz.1
GSM8101588;SRR17720162;MET;unsorted;3;MET_patient4_all cells;Adult;brain;Perivascular and other tissue derived cells;L001_R2;s3://sra-pub-src-6/SRR17720162/metastasis_23-10-19_unsorted_S3_L001_R2_001.fastq.gz.1
GSM8101588;SRR17720162;MET;unsorted;3;MET_patient4_all cells;Adult;brain;Perivascular and other tissue derived cells;L002_I1;s3://sra-pub-src-18/SRR17720162/metastasis_23-10-19_unsorted_S3_L002_I1_001.fastq.gz.1
GSM8101588;SRR17720162;MET;unsorted;3;MET_patient4_all cells;Adult;brain;Perivascular and other tissue derived cells;L002_R1;s3://sra-pub-src-6/SRR17720162/metastasis_23-10-19_unsorted_S3_L002_R1_001.fastq.gz.1
GSM8101588;SRR17720162;MET;unsorted;3;MET_patient4_all cells;Adult;brain;Perivascular and other tissue derived cells;L002_R2;s3://sra-pub-src-6/SRR17720162/metastasis_23-10-19_unsorted_S3_L002_R2_001.fastq.gz.1
GSM8101589;SRR17720161;MET;unsorted;3;MET_patient5_all cells;Adult;brain;Perivascular and other tissue derived cells;L001_I1;s3://sra-pub-src-13/SRR17720161/Metastasis_25-02-2020_unsorted_3pr_v3_S33_L001_I1_001.fastq.gz.1
GSM8101589;SRR17720161;MET;unsorted;3;MET_patient5_all cells;Adult;brain;Perivascular and other tissue derived cells;L001_R1;s3://sra-pub-src-14/SRR17720161/Metastasis_25-02-2020_unsorted_3pr_v3_S33_L001_R1_001.fastq.gz.1
GSM8101589;SRR17720161;MET;unsorted;3;MET_patient5_all cells;Adult;brain;Perivascular and other tissue derived cells;L001_R2;s3://sra-pub-src-14/SRR17720161/Metastasis_25-02-2020_unsorted_3pr_v3_S33_L001_R2_001.fastq.gz.1
GSM8101589;SRR17720161;MET;unsorted;3;MET_patient5_all cells;Adult;brain;Perivascular and other tissue derived cells;L002_I1;s3://sra-pub-src-13/SRR17720161/Metastasis_25-02-2020_unsorted_3pr_v3_S33_L002_I1_001.fastq.gz.1
GSM8101589;SRR17720161;MET;unsorted;3;MET_patient5_all cells;Adult;brain;Perivascular and other tissue derived cells;L002_R1;s3://sra-pub-src-14/SRR17720161/Metastasis_25-02-2020_unsorted_3pr_v3_S33_L002_R1_001.fastq.gz.1
GSM8101589;SRR17720161;MET;unsorted;3;MET_patient5_all cells;Adult;brain;Perivascular and other tissue derived cells;L002_R2;s3://sra-pub-src-12/SRR17720161/Metastasis_25-02-2020_unsorted_3pr_v3_S33_L002_R2_001.fastq.gz.1
GSM8101589;SRR17720161;MET;unsorted;3;MET_patient5_all cells;Adult;brain;Perivascular and other tissue derived cells;L003_I1;s3://sra-pub-src-13/SRR17720161/Metastasis_25-02-2020_unsorted_3pr_v3_S33_L003_I1_001.fastq.gz.1
GSM8101589;SRR17720161;MET;unsorted;3;MET_patient5_all cells;Adult;brain;Perivascular and other tissue derived cells;L003_R1;s3://sra-pub-src-14/SRR17720161/Metastasis_25-02-2020_unsorted_3pr_v3_S33_L003_R1_001.fastq.gz.1
GSM8101589;SRR17720161;MET;unsorted;3;MET_patient5_all cells;Adult;brain;Perivascular and other tissue derived cells;L003_R2;s3://sra-pub-src-12/SRR17720161/Metastasis_25-02-2020_unsorted_3pr_v3_S33_L003_R2_001.fastq.gz.1
GSM8101589;SRR17720161;MET;unsorted;3;MET_patient5_all cells;Adult;brain;Perivascular and other tissue derived cells;L004_I1;s3://sra-pub-src-14/SRR17720161/Metastasis_25-02-2020_unsorted_3pr_v3_S33_L004_I1_001.fastq.gz.1
GSM8101589;SRR17720161;MET;unsorted;3;MET_patient5_all cells;Adult;brain;Perivascular and other tissue derived cells;L004_R1;s3://sra-pub-src-14/SRR17720161/Metastasis_25-02-2020_unsorted_3pr_v3_S33_L004_R1_001.fastq.gz.1
GSM8101589;SRR17720161;MET;unsorted;3;MET_patient5_all cells;Adult;brain;Perivascular and other tissue derived cells;L004_R2;s3://sra-pub-src-12/SRR17720161/Metastasis_25-02-2020_unsorted_3pr_v3_S33_L004_R2_001.fastq.gz.1
GSM8101629;SRR28072395;MET;bulkRNA;5;MET_patient1_EC_bulkRNA-seq;Adult;brain metastasis;Endothelial cells;Merged/Unknown;s3://sra-pub-src-8/SRR28072395/20181015.A-Metas_center_emilio_buffer_R1.fastq.gz.1
GSM8101630;SRR28072394;MET;bulkRNA;5;MET_patient2_EC_bulkRNA-seq;Adult;brain metastasis;Endothelial cells;Merged/Unknown;s3://sra-pub-src-8/SRR28072394/20190411.B-NCHtu63_R1.fastq.gz.1
GSM8101631;SRR28072393;MET;bulkRNA;5;MET_patient3_EC_bulkRNA-seq;Adult;brain metastasis;Endothelial cells;Merged/Unknown;s3://sra-pub-src-8/SRR28072393/20190328.B-NCHtu67_met_R1.fastq.gz.1
GSM8101632;SRR28072392;MET;bulkRNA;5;MET_patient4_EC_bulkRNA-seq;Adult;brain metastasis;Endothelial cells;Merged/Unknown;s3://sra-pub-src-8/SRR28072392/20190328.B-NCHtu70_met_R1.fastq.gz.1
GSM8101633;SRR28072391;MET;bulkRNA;5;MET_patient5_EC_bulkRNA-seq;Adult;brain metastasis;Endothelial cells;Merged/Unknown;s3://sra-pub-src-8/SRR28072391/20190328.B-NCHtu71_met_R1.fastq.gz.1
GSM8101559;SRR17720148;MEN;sorted;5;MEN_patient1_EC;Adult;brain;Endothelial cells;L001_I1;s3://sra-pub-src-8/SRR17720148/Meningioma_12112108_S7_L001_I1_001.fastq.gz.1
GSM8101559;SRR17720148;MEN;sorted;5;MEN_patient1_EC;Adult;brain;Endothelial cells;L001_R1;s3://sra-pub-src-8/SRR17720148/Meningioma_12112108_S7_L001_R1_001.fastq.gz.1
GSM8101559;SRR17720148;MEN;sorted;5;MEN_patient1_EC;Adult;brain;Endothelial cells;L001_R2;s3://sra-pub-src-8/SRR17720148/Meningioma_12112108_S7_L001_R2_001.fastq.gz.1
GSM8101559;SRR17720148;MEN;sorted;5;MEN_patient1_EC;Adult;brain;Endothelial cells;L002_I1;s3://sra-pub-src-14/SRR17720148/Meningioma_12112108_S7_L002_I1_001.fastq.gz.1
GSM8101559;SRR17720148;MEN;sorted;5;MEN_patient1_EC;Adult;brain;Endothelial cells;L002_R1;s3://sra-pub-src-8/SRR17720148/Meningioma_12112108_S7_L002_R1_001.fastq.gz.1
GSM8101559;SRR17720148;MEN;sorted;5;MEN_patient1_EC;Adult;brain;Endothelial cells;L002_R2;s3://sra-pub-src-8/SRR17720148/Meningioma_12112108_S7_L002_R2_001.fastq.gz.1
GSM8101561;SRR17720146;MEN;sorted;5;MEN_patient3_EC;Adult;brain;Endothelial cells;L001_I1;s3://sra-pub-src-12/SRR17720146/Meningioma_sorted_CD31pos_Lyve1pos_CD45neg190808_S2_L001_I1_001.fastq.gz.1
GSM8101561;SRR17720146;MEN;sorted;5;MEN_patient3_EC;Adult;brain;Endothelial cells;L001_R1;s3://sra-pub-src-12/SRR17720146/Meningioma_sorted_CD31pos_Lyve1pos_CD45neg190808_S2_L001_R1_001.fastq.gz.1
GSM8101561;SRR17720146;MEN;sorted;5;MEN_patient3_EC;Adult;brain;Endothelial cells;L001_R2;s3://sra-pub-src-16/SRR17720146/Meningioma_sorted_CD31pos_Lyve1pos_CD45neg190808_S2_L001_R2_001.fastq.gz.1
GSM8101562;SRR17720145;MEN;sorted;5;MEN_patient4_EC;Adult;brain;Endothelial cells;L001_I1;s3://sra-pub-src-13/SRR17720145/Meningioma_08-10-2019_ECs_S8_L001_I1_001.fastq.gz.1
GSM8101562;SRR17720145;MEN;sorted;5;MEN_patient4_EC;Adult;brain;Endothelial cells;L001_R1;s3://sra-pub-src-13/SRR17720145/Meningioma_08-10-2019_ECs_S8_L001_R1_001.fastq.gz.1
GSM8101562;SRR17720145;MEN;sorted;5;MEN_patient4_EC;Adult;brain;Endothelial cells;L001_R2;s3://sra-pub-src-14/SRR17720145/Meningioma_08-10-2019_ECs_S8_L001_R2_001.fastq.gz.1
GSM8101562;SRR17720145;MEN;sorted;5;MEN_patient4_EC;Adult;brain;Endothelial cells;L002_I1;s3://sra-pub-src-13/SRR17720145/Meningioma_08-10-2019_ECs_S8_L002_I1_001.fastq.gz.1
GSM8101562;SRR17720145;MEN;sorted;5;MEN_patient4_EC;Adult;brain;Endothelial cells;L002_R1;s3://sra-pub-src-13/SRR17720145/Meningioma_08-10-2019_ECs_S8_L002_R1_001.fastq.gz.1
GSM8101562;SRR17720145;MEN;sorted;5;MEN_patient4_EC;Adult;brain;Endothelial cells;L002_R2;s3://sra-pub-src-14/SRR17720145/Meningioma_08-10-2019_ECs_S8_L002_R2_001.fastq.gz.1
GSM8101563;SRR17720223;MEN;sorted;5;MEN_patient5_EC;Adult;brain;Endothelial cells;L001_I1;s3://sra-pub-src-18/SRR17720223/meningioma_28-10-2019_ECs_S6_L001_I1_001.fastq.gz.1
GSM8101563;SRR17720223;MEN;sorted;5;MEN_patient5_EC;Adult;brain;Endothelial cells;L001_R1;s3://sra-pub-src-18/SRR17720223/meningioma_28-10-2019_ECs_S6_L001_R1_001.fastq.gz.1
GSM8101563;SRR17720223;MEN;sorted;5;MEN_patient5_EC;Adult;brain;Endothelial cells;L001_R2;s3://sra-pub-src-18/SRR17720223/meningioma_28-10-2019_ECs_S6_L001_R2_001.fastq.gz.1
GSM8101563;SRR17720223;MEN;sorted;5;MEN_patient5_EC;Adult;brain;Endothelial cells;L002_I1;s3://sra-pub-src-18/SRR17720223/meningioma_28-10-2019_ECs_S6_L002_I1_001.fastq.gz.1
GSM8101563;SRR17720223;MEN;sorted;5;MEN_patient5_EC;Adult;brain;Endothelial cells;L002_R1;s3://sra-pub-src-18/SRR17720223/meningioma_28-10-2019_ECs_S6_L002_R1_001.fastq.gz.1
GSM8101563;SRR17720223;MEN;sorted;5;MEN_patient5_EC;Adult;brain;Endothelial cells;L002_R2;s3://sra-pub-src-6/SRR17720223/meningioma_28-10-2019_ECs_S6_L002_R2_001.fastq.gz.1
GSM8101590;SRR17720160;MEN;unsorted;3;MEN_patient3_all cells;Adult;brain;Perivascular and other tissue derived cells;L001_I1;s3://sra-pub-src-6/SRR17720160/Meningioma_unsorted_190808_S1_L001_I1_001.fastq.gz.1
GSM8101590;SRR17720160;MEN;unsorted;3;MEN_patient3_all cells;Adult;brain;Perivascular and other tissue derived cells;L001_R1;s3://sra-pub-src-6/SRR17720160/Meningioma_unsorted_190808_S1_L001_R1_001.fastq.gz.1
GSM8101590;SRR17720160;MEN;unsorted;3;MEN_patient3_all cells;Adult;brain;Perivascular and other tissue derived cells;L001_R2;s3://sra-pub-src-9/SRR17720160/Meningioma_unsorted_190808_S1_L001_R2_001.fastq.gz.1
GSM8101591;SRR17720158;MEN;unsorted;3;MEN_patient4_all cells;Adult;brain;Perivascular and other tissue derived cells;L001_I1;s3://sra-pub-src-9/SRR17720158/Meningioma_08-10-2019_unsorted_S7_L001_I1_001.fastq.gz.1
GSM8101591;SRR17720158;MEN;unsorted;3;MEN_patient4_all cells;Adult;brain;Perivascular and other tissue derived cells;L001_R1;s3://sra-pub-src-9/SRR17720158/Meningioma_08-10-2019_unsorted_S7_L001_R1_001.fastq.gz.1
GSM8101591;SRR17720158;MEN;unsorted;3;MEN_patient4_all cells;Adult;brain;Perivascular and other tissue derived cells;L001_R2;s3://sra-pub-src-9/SRR17720158/Meningioma_08-10-2019_unsorted_S7_L001_R2_001.fastq.gz.1
GSM8101591;SRR17720158;MEN;unsorted;3;MEN_patient4_all cells;Adult;brain;Perivascular and other tissue derived cells;L002_I1;s3://sra-pub-src-6/SRR17720158/Meningioma_08-10-2019_unsorted_S7_L002_I1_001.fastq.gz.1
GSM8101591;SRR17720158;MEN;unsorted;3;MEN_patient4_all cells;Adult;brain;Perivascular and other tissue derived cells;L002_R1;s3://sra-pub-src-9/SRR17720158/Meningioma_08-10-2019_unsorted_S7_L002_R1_001.fastq.gz.1
GSM8101591;SRR17720158;MEN;unsorted;3;MEN_patient4_all cells;Adult;brain;Perivascular and other tissue derived cells;L002_R2;s3://sra-pub-src-9/SRR17720158/Meningioma_08-10-2019_unsorted_S7_L002_R2_001.fastq.gz.1
GSM8101592;SRR17720187;MEN;unsorted;3;MEN_patient5_all cells;Adult;brain;Perivascular and other tissue derived cells;L001_I1;s3://sra-pub-src-5/SRR17720187/meningioma_28-10-2019_unsorted_S5_L001_I1_001.fastq.gz.1
GSM8101592;SRR17720187;MEN;unsorted;3;MEN_patient5_all cells;Adult;brain;Perivascular and other tissue derived cells;L001_R1;s3://sra-pub-src-5/SRR17720187/meningioma_28-10-2019_unsorted_S5_L001_R1_001.fastq.gz.1
GSM8101592;SRR17720187;MEN;unsorted;3;MEN_patient5_all cells;Adult;brain;Perivascular and other tissue derived cells;L001_R2;s3://sra-pub-src-5/SRR17720187/meningioma_28-10-2019_unsorted_S5_L001_R2_001.fastq.gz.1
GSM8101592;SRR17720187;MEN;unsorted;3;MEN_patient5_all cells;Adult;brain;Perivascular and other tissue derived cells;L002_I1;s3://sra-pub-src-5/SRR17720187/meningioma_28-10-2019_unsorted_S5_L002_I1_001.fastq.gz.1
GSM8101592;SRR17720187;MEN;unsorted;3;MEN_patient5_all cells;Adult;brain;Perivascular and other tissue derived cells;L002_R1;s3://sra-pub-src-5/SRR17720187/meningioma_28-10-2019_unsorted_S5_L002_R1_001.fastq.gz.1
GSM8101592;SRR17720187;MEN;unsorted;3;MEN_patient5_all cells;Adult;brain;Perivascular and other tissue derived cells;L002_R2;s3://sra-pub-src-5/SRR17720187/meningioma_28-10-2019_unsorted_S5_L002_R2_001.fastq.gz.1
GSM8101634;SRR28072390;MEN;bulkRNA;6;MEN_patient1_EC_bulkRNA-seq;Adult;meningioma;Endothelial cells;Merged/Unknown;s3://sra-pub-src-8/SRR28072390/20190328.B-Meningioma_121118_R1.fastq.gz.1
GSM8101635;SRR28072389;MEN;bulkRNA;6;MEN_patient2_EC_bulkRNA-seq;Adult;meningioma;Endothelial cells;Merged/Unknown;s3://sra-pub-src-8/SRR28072389/20190328.B-Meningioma_061218_R1.fastq.gz.1
GSM8101636;SRR28072388;MEN;bulkRNA;6;MEN_patient3_EC_bulkRNA-seq;Adult;meningioma;Endothelial cells;Merged/Unknown;s3://sra-pub-src-8/SRR28072388/20210121.A-MEN_8-8-19_EC_CD31pos_CD45neg_Lyve1neg_R1.fastq.gz.1
GSM8101637;SRR28072387;MEN;bulkRNA;6;MEN_patient4_EC_bulkRNA-seq;Adult;meningioma;Endothelial cells;Merged/Unknown;s3://sra-pub-src-8/SRR28072387/20210121.A-MEN_EC_05-06-19_R1.fastq.gz.1
GSM8101638;SRR28072386;MEN;bulkRNA;6;MEN_patient5_EC_bulkRNA-seq;Adult;meningioma;Endothelial cells;Merged/Unknown;s3://sra-pub-src-8/SRR28072386/20210121.A-MEN_27-06-19_LECs_LYVE1pos_CD31neg_R1.fastq.gz.1
GSM8101639;SRR28072385;MEN;bulkRNA;6;MEN_patient6_EC_bulkRNA-seq;Adult;meningioma;Endothelial cells;Merged/Unknown;s3://sra-pub-src-8/SRR28072385/20210121.A-MEN_EC_18-09-19_R1.fastq.gz.1
GSM8101540;SRR17720182;AVM;sorted;5;AVM_patient1_EC;Adult;brain;Endothelial cells;L001_I1;s3://sra-pub-src-13/SRR17720182/AVM_17_08_2018_S1_L001_I1_001.fastq.gz.1
GSM8101540;SRR17720182;AVM;sorted;5;AVM_patient1_EC;Adult;brain;Endothelial cells;L001_R1;s3://sra-pub-src-13/SRR17720182/AVM_17_08_2018_S1_L001_R1_001.fastq.gz.1
GSM8101540;SRR17720182;AVM;sorted;5;AVM_patient1_EC;Adult;brain;Endothelial cells;L001_R2;s3://sra-pub-src-12/SRR17720182/AVM_17_08_2018_S1_L001_R2_001.fastq.gz.1
GSM8101540;SRR17720182;AVM;sorted;5;AVM_patient1_EC;Adult;brain;Endothelial cells;L002_I1;s3://sra-pub-src-13/SRR17720182/AVM_17_08_2018_S1_L002_I1_001.fastq.gz.1
GSM8101540;SRR17720182;AVM;sorted;5;AVM_patient1_EC;Adult;brain;Endothelial cells;L002_R1;s3://sra-pub-src-14/SRR17720182/AVM_17_08_2018_S1_L002_R1_001.fastq.gz.1
GSM8101540;SRR17720182;AVM;sorted;5;AVM_patient1_EC;Adult;brain;Endothelial cells;L002_R2;s3://sra-pub-src-14/SRR17720182/AVM_17_08_2018_S1_L002_R2_001.fastq.gz.1
GSM8101540;SRR17720182;AVM;sorted;5;AVM_patient1_EC;Adult;brain;Endothelial cells;L003_I1;s3://sra-pub-src-13/SRR17720182/AVM_17_08_2018_S1_L003_I1_001.fastq.gz.1
GSM8101540;SRR17720182;AVM;sorted;5;AVM_patient1_EC;Adult;brain;Endothelial cells;L003_R1;s3://sra-pub-src-14/SRR17720182/AVM_17_08_2018_S1_L003_R1_001.fastq.gz.1
GSM8101540;SRR17720182;AVM;sorted;5;AVM_patient1_EC;Adult;brain;Endothelial cells;L003_R2;s3://sra-pub-src-14/SRR17720182/AVM_17_08_2018_S1_L003_R2_001.fastq.gz.1
GSM8101540;SRR17720182;AVM;sorted;5;AVM_patient1_EC;Adult;brain;Endothelial cells;L004_I1;s3://sra-pub-src-13/SRR17720182/AVM_17_08_2018_S1_L004_I1_001.fastq.gz.1
GSM8101540;SRR17720182;AVM;sorted;5;AVM_patient1_EC;Adult;brain;Endothelial cells;L004_R1;s3://sra-pub-src-14/SRR17720182/AVM_17_08_2018_S1_L004_R1_001.fastq.gz.1
GSM8101540;SRR17720182;AVM;sorted;5;AVM_patient1_EC;Adult;brain;Endothelial cells;L004_R2;s3://sra-pub-src-14/SRR17720182/AVM_17_08_2018_S1_L004_R2_001.fastq.gz.1
GSM8101541;SRR17720194;AVM;sorted;5;AVM_patient2_EC;Adult;brain;Endothelial cells;L001_I1;s3://sra-pub-src-3/SRR17720194/AVM_sample_26092018_S2_L001_I1_001.fastq.gz.1
GSM8101541;SRR17720194;AVM;sorted;5;AVM_patient2_EC;Adult;brain;Endothelial cells;L001_R1;s3://sra-pub-src-3/SRR17720194/AVM_sample_26092018_S2_L001_R1_001.fastq.gz.1
GSM8101541;SRR17720194;AVM;sorted;5;AVM_patient2_EC;Adult;brain;Endothelial cells;L001_R2;s3://sra-pub-src-15/SRR17720194/AVM_sample_26092018_S2_L001_R2_001.fastq.gz.1
GSM8101541;SRR17720194;AVM;sorted;5;AVM_patient2_EC;Adult;brain;Endothelial cells;L002_I1;s3://sra-pub-src-3/SRR17720194/AVM_sample_26092018_S2_L002_I1_001.fastq.gz.1
GSM8101541;SRR17720194;AVM;sorted;5;AVM_patient2_EC;Adult;brain;Endothelial cells;L002_R1;s3://sra-pub-src-3/SRR17720194/AVM_sample_26092018_S2_L002_R1_001.fastq.gz.1
GSM8101541;SRR17720194;AVM;sorted;5;AVM_patient2_EC;Adult;brain;Endothelial cells;L002_R2;s3://sra-pub-src-3/SRR17720194/AVM_sample_26092018_S2_L002_R2_001.fastq.gz.1
GSM8101542;SRR17720181;AVM;sorted;5;AVM_patient3_EC;Adult;brain;Endothelial cells;L001_I1;s3://sra-pub-src-11/SRR17720181/AVM20190730_sorted_S13_L001_I1_001.fastq.gz.1
GSM8101542;SRR17720181;AVM;sorted;5;AVM_patient3_EC;Adult;brain;Endothelial cells;L001_R1;s3://sra-pub-src-11/SRR17720181/AVM20190730_sorted_S13_L001_R1_001.fastq.gz.1
GSM8101542;SRR17720181;AVM;sorted;5;AVM_patient3_EC;Adult;brain;Endothelial cells;L001_R2;s3://sra-pub-src-11/SRR17720181/AVM20190730_sorted_S13_L001_R2_001.fastq.gz.1
GSM8101542;SRR17720181;AVM;sorted;5;AVM_patient3_EC;Adult;brain;Endothelial cells;L002_I1;s3://sra-pub-src-9/SRR17720181/AVM20190730_sorted_S13_L002_I1_001.fastq.gz.1
GSM8101542;SRR17720181;AVM;sorted;5;AVM_patient3_EC;Adult;brain;Endothelial cells;L002_R1;s3://sra-pub-src-11/SRR17720181/AVM20190730_sorted_S13_L002_R1_001.fastq.gz.1
GSM8101542;SRR17720181;AVM;sorted;5;AVM_patient3_EC;Adult;brain;Endothelial cells;L002_R2;s3://sra-pub-src-11/SRR17720181/AVM20190730_sorted_S13_L002_R2_001.fastq.gz.1
GSM8101543;SRR17720179;AVM;sorted;5;AVM_patient4_EC;Adult;brain;Endothelial cells;L001_I1;s3://sra-pub-src-5/SRR17720179/AVM190731_sorted_S17_L001_I1_001.fastq.gz.1
GSM8101543;SRR17720179;AVM;sorted;5;AVM_patient4_EC;Adult;brain;Endothelial cells;L001_R1;s3://sra-pub-src-5/SRR17720179/AVM190731_sorted_S17_L001_R1_001.fastq.gz.1
GSM8101543;SRR17720179;AVM;sorted;5;AVM_patient4_EC;Adult;brain;Endothelial cells;L001_R2;s3://sra-pub-src-5/SRR17720179/AVM190731_sorted_S17_L001_R2_001.fastq.gz.1
GSM8101543;SRR17720179;AVM;sorted;5;AVM_patient4_EC;Adult;brain;Endothelial cells;L002_I1;s3://sra-pub-src-5/SRR17720179/AVM190731_sorted_S17_L002_I1_001.fastq.gz.1
GSM8101543;SRR17720179;AVM;sorted;5;AVM_patient4_EC;Adult;brain;Endothelial cells;L002_R1;s3://sra-pub-src-18/SRR17720179/AVM190731_sorted_S17_L002_R1_001.fastq.gz.1
GSM8101543;SRR17720179;AVM;sorted;5;AVM_patient4_EC;Adult;brain;Endothelial cells;L002_R2;s3://sra-pub-src-5/SRR17720179/AVM190731_sorted_S17_L002_R2_001.fastq.gz.1
GSM8101544;SRR17720180;AVM;sorted;5;AVM_patient5_EC;Adult;brain;Endothelial cells;L001_I1;s3://sra-pub-src-18/SRR17720180/AVM_sorted_S5_L001_I1_001.fastq.gz.1
GSM8101544;SRR17720180;AVM;sorted;5;AVM_patient5_EC;Adult;brain;Endothelial cells;L001_R1;s3://sra-pub-src-18/SRR17720180/AVM_sorted_S5_L001_R1_001.fastq.gz.1
GSM8101544;SRR17720180;AVM;sorted;5;AVM_patient5_EC;Adult;brain;Endothelial cells;L001_R2;s3://sra-pub-src-18/SRR17720180/AVM_sorted_S5_L001_R2_001.fastq.gz.1
GSM8101544;SRR17720180;AVM;sorted;5;AVM_patient5_EC;Adult;brain;Endothelial cells;L002_I1;s3://sra-pub-src-18/SRR17720180/AVM_sorted_S5_L002_I1_001.fastq.gz.1
GSM8101544;SRR17720180;AVM;sorted;5;AVM_patient5_EC;Adult;brain;Endothelial cells;L002_R1;s3://sra-pub-src-18/SRR17720180/AVM_sorted_S5_L002_R1_001.fastq.gz.1
GSM8101544;SRR17720180;AVM;sorted;5;AVM_patient5_EC;Adult;brain;Endothelial cells;L002_R2;s3://sra-pub-src-18/SRR17720180/AVM_sorted_S5_L002_R2_001.fastq.gz.1
GSM8101575;SRR17720206;AVM;unsorted;3;AVM_patient3_all cells;Adult;brain;Perivascular and other tissue derived cells;L001_I1;s3://sra-pub-src-5/SRR17720206/AVM20190730_unsorted_S14_L001_I1_001.fastq.gz.1
GSM8101575;SRR17720206;AVM;unsorted;3;AVM_patient3_all cells;Adult;brain;Perivascular and other tissue derived cells;L001_R1;s3://sra-pub-src-18/SRR17720206/AVM20190730_unsorted_S14_L001_R1_001.fastq.gz.1
GSM8101575;SRR17720206;AVM;unsorted;3;AVM_patient3_all cells;Adult;brain;Perivascular and other tissue derived cells;L001_R2;s3://sra-pub-src-18/SRR17720206/AVM20190730_unsorted_S14_L001_R2_001.fastq.gz.1
GSM8101575;SRR17720206;AVM;unsorted;3;AVM_patient3_all cells;Adult;brain;Perivascular and other tissue derived cells;L002_I1;s3://sra-pub-src-5/SRR17720206/AVM20190730_unsorted_S14_L002_I1_001.fastq.gz.1
GSM8101575;SRR17720206;AVM;unsorted;3;AVM_patient3_all cells;Adult;brain;Perivascular and other tissue derived cells;L002_R1;s3://sra-pub-src-18/SRR17720206/AVM20190730_unsorted_S14_L002_R1_001.fastq.gz.1
GSM8101575;SRR17720206;AVM;unsorted;3;AVM_patient3_all cells;Adult;brain;Perivascular and other tissue derived cells;L002_R2;s3://sra-pub-src-18/SRR17720206/AVM20190730_unsorted_S14_L002_R2_001.fastq.gz.1
GSM8101576;SRR17720205;AVM;unsorted;3;AVM_patient4_all cells;Adult;brain;Perivascular and other tissue derived cells;L001_I1;s3://sra-pub-src-17/SRR17720205/AVM190731_unsorted_S18_L001_I1_001.fastq.gz.1
GSM8101576;SRR17720205;AVM;unsorted;3;AVM_patient4_all cells;Adult;brain;Perivascular and other tissue derived cells;L001_R1;s3://sra-pub-src-17/SRR17720205/AVM190731_unsorted_S18_L001_R1_001.fastq.gz.1
GSM8101576;SRR17720205;AVM;unsorted;3;AVM_patient4_all cells;Adult;brain;Perivascular and other tissue derived cells;L001_R2;s3://sra-pub-src-17/SRR17720205/AVM190731_unsorted_S18_L001_R2_001.fastq.gz.1
GSM8101576;SRR17720205;AVM;unsorted;3;AVM_patient4_all cells;Adult;brain;Perivascular and other tissue derived cells;L002_I1;s3://sra-pub-src-17/SRR17720205/AVM190731_unsorted_S18_L002_I1_001.fastq.gz.1
GSM8101576;SRR17720205;AVM;unsorted;3;AVM_patient4_all cells;Adult;brain;Perivascular and other tissue derived cells;L002_R1;s3://sra-pub-src-17/SRR17720205/AVM190731_unsorted_S18_L002_R1_001.fastq.gz.1
GSM8101576;SRR17720205;AVM;unsorted;3;AVM_patient4_all cells;Adult;brain;Perivascular and other tissue derived cells;L002_R2;s3://sra-pub-src-17/SRR17720205/AVM190731_unsorted_S18_L002_R2_001.fastq.gz.1
GSM8101577;SRR17720204;AVM;unsorted;3;AVM_patient5_all cells;Adult;brain;Perivascular and other tissue derived cells;L001_I1;s3://sra-pub-src-3/SRR17720204/AVM_unsorted_S4_L001_I1_001.fastq.gz.1
GSM8101577;SRR17720204;AVM;unsorted;3;AVM_patient5_all cells;Adult;brain;Perivascular and other tissue derived cells;L001_R1;s3://sra-pub-src-3/SRR17720204/AVM_unsorted_S4_L001_R1_001.fastq.gz.1
GSM8101577;SRR17720204;AVM;unsorted;3;AVM_patient5_all cells;Adult;brain;Perivascular and other tissue derived cells;L001_R2;s3://sra-pub-src-3/SRR17720204/AVM_unsorted_S4_L001_R2_001.fastq.gz.1
GSM8101577;SRR17720204;AVM;unsorted;3;AVM_patient5_all cells;Adult;brain;Perivascular and other tissue derived cells;L002_I1;s3://sra-pub-src-3/SRR17720204/AVM_unsorted_S4_L002_I1_001.fastq.gz.1
GSM8101577;SRR17720204;AVM;unsorted;3;AVM_patient5_all cells;Adult;brain;Perivascular and other tissue derived cells;L002_R1;s3://sra-pub-src-3/SRR17720204/AVM_unsorted_S4_L002_R1_001.fastq.gz.1
GSM8101577;SRR17720204;AVM;unsorted;3;AVM_patient5_all cells;Adult;brain;Perivascular and other tissue derived cells;L002_R2;s3://sra-pub-src-3/SRR17720204/AVM_unsorted_S4_L002_R2_001.fastq.gz.1
GSM8101612;SRR28072412;AVM;bulkRNA;7;AVM_patient1_EC_bulkRNA-seq;Adult;brain arteriovenous malformations;Endothelial cells;Merged/Unknown;s3://sra-pub-src-8/SRR28072412/20181015.A-AVM1_R1.fastq.gz.1
GSM8101613;SRR28072411;AVM;bulkRNA;7;AVM_patient2_EC_bulkRNA-seq;Adult;brain arteriovenous malformations;Endothelial cells;Merged/Unknown;s3://sra-pub-src-8/SRR28072411/20181015.A-AVM2_R1.fastq.gz.1
GSM8101614;SRR28072410;AVM;bulkRNA;7;AVM_patient3_EC_bulkRNA-seq;Adult;brain arteriovenous malformations;Endothelial cells;Merged/Unknown;s3://sra-pub-src-8/SRR28072410/20181015.A-AVM3_R1.fastq.gz.1
GSM8101615;SRR28072409;AVM;bulkRNA;7;AVM_patient4_EC_bulkRNA-seq;Adult;brain arteriovenous malformations;Endothelial cells;Merged/Unknown;s3://sra-pub-src-8/SRR28072409/20210121.A-AVM_EC_20-02-19_R1.fastq.gz.1
GSM8101616;SRR28072408;AVM;bulkRNA;7;AVM_patient5_EC_bulkRNA-seq;Adult;brain arteriovenous malformations;Endothelial cells;Merged/Unknown;s3://sra-pub-src-8/SRR28072408/20210121.A-AVM_EC_25-02-19_R1.fastq.gz.1
GSM8101617;SRR28072407;AVM;bulkRNA;7;AVM_patient6_EC_bulkRNA-seq;Adult;brain arteriovenous malformations;Endothelial cells;Merged/Unknown;s3://sra-pub-src-8/SRR28072407/20210121.A-AVM_EC_10-04-19_R1.fastq.gz.1
GSM8101618;SRR28072406;AVM;bulkRNA;7;AVM_patient7_EC_bulkRNA-seq;Adult;brain arteriovenous malformations;Endothelial cells;Merged/Unknown;s3://sra-pub-src-8/SRR28072406/20210121.A-AVM_EC_22-05-19_R1.fastq.gz.1